Title,Description,Sub,Rank,DBLP,Year,ID,Link,Abstract Deadline,Deadline,Timezone,Date,Place
STOC,ACM Symposium on the Theory of Computing,CT,A,stoc,2021,stoc21,http://acm-stoc.org/stoc2021/,,2020-11-06 11:59:59,UTC-5,"June 21-25, 2021",Virtual
CAV,International Conference on Computer-Aided Verification,CT,A,cav,2022,cav22,http://i-cav.org/2022/,,2022-01-21 23:59:59,AoE,"Aug 7-10, 2022","Technion, Haifa, Israel"
LICS,IEEE Symposium on Logic in Computer Science,CT,A,lics,2023,lics,https://lics.siglog.org/lics23/,,2023-01-23 23:59:59,AoE,"June 26-29, 2023","Boston University, USA"
FOCS,IEEE Symposium on Foundations of Computer Science,CT,A,focs,2024,focs24,https://focs.computer.org/2024/,,2024-04-04 20:00:00,UTC-5,"October 27-30, 2024","Chicago, IL, USA"
IEEE VR,IEEE Virtual Reality,CG,A,vr,2024,vr24,http://ieeevr.org/2024/,2023-09-27 23:59:59,2023-10-04 23:59:59,AoE,"March 16-20, 2024","Orlando, Florida USA"
ICMR,ACM SIGMM International Conference on Multimedia Retrieval,CG,B,mir,2024,icmr24,https://icmr2024.org/index.html,,2024-02-01 23:59:59,UTC-12,"June 11-13, 2024","Phuket, Thailand"
Eurographics,Eurographics,CG,B,eurographics,2024,eg24,https://eg2024.cyens.org.cy/,2023-09-28 23:59:59,2023-10-05 23:59:59,UTC,"April 22-26, 2024","Limassol, Cyprus"
PRCV,Chinese Conference on Pattern Recognition and Computer Vision,CG,C,prcv,2023,prcv23,https://prcv2023.xmu.edu.cn/,,2023-06-20 23:59:59,UTC+8,"Oct 13-15, 2023","Xiamen, China"
PRCV,Chinese Conference on Pattern Recognition and Computer Vision,CG,C,prcv,2024,prcv24,http://www.prcv.cn/,,2024-04-15 23:59:59,UTC+8,"Oct 18-20, 2024","Urumchi, China"
PG,"Pacific Graphics, The Pacific Conference on Computer Graphics and Applications",CG,B,pg,2023,pg23,https://pg2023.org/,2023-06-01 23:59:59,2023-06-06 23:59:59,AoE,"October 10-13, 2023","Daejeon, South Korea"
MMAsia,ACM Multimedia Asia,CG,C,mmasia,2023,mmasia23,http://www.mmasia2023.org/,,2023-07-22 23:59:59,AoE,"December 06-08, 2023","Tainan, Taiwan"
ACM MM,ACM International Conference on Multimedia,CG,A,mm,2021,mm21,https://2021.acmmm.org/,2021-04-10 23:59:59,2021-04-17 23:59:59,AoE,"October 21-24, 2021","Chengdu, China"
ACM MM,ACM International Conference on Multimedia,CG,A,mm,2022,mm22,https://2022.acmmm.org/,2022-03-31 23:59:59,2022-04-07 23:59:59,UTC-12,"October 10-14, 2022","Lisbon, Portugal"
ACM MM,ACM International Conference on Multimedia,CG,A,mm,2023,mm23,https://www.acmmm2023.org/,2023-04-23 23:59:59,2023-05-04 23:59:59,UTC-12,"October 29-November 02, 2023","Ottawa, Ontario, Canada"
ACM MM,ACM International Conference on Multimedia,CG,A,mm,2024,mm24,https://2024.acmmm.org/,2024-04-08 23:59:59,2024-04-12 23:59:59,UTC-12,"October 28-November 01, 2024","Melbourne, Australia"
ICIP,The IEEE International Conference on Image Processing,CG,C,ICIP,2023,icip23,https://2023.ieeeicip.org/,,2023-02-15 23:59:59,UTC+0,"Oct 8-11, 2023","Kuala Lumpur, Malaysia"
ICIP,The IEEE International Conference on Image Processing,CG,C,ICIP,2024,icip24,https://2024.ieeeicip.org/,,2024-01-31 23:59:59,UTC+0,"Oct 27-30, 2024","Abu Dhabi, United Arab Emirates"
GMP,International Conference on Geometric Modeling and Processing,CG,C,gmp,2024,gmp2024,https://irc.cs.sdu.edu.cn/gmp2024/index.html,,2023-12-11 23:59:59,UTC,"June 5-7, 2024","Qingdao, China"
CASA,International Conference on Computer Animation and Social Agents,CG,C,ca,2024,casa2024,https://casa2024.wtu.edu.cn/index.htm,,2024-03-05 23:59:59,AoE,"June 5-7, 2024","Wuhan, China"
ISMAR,International Symposium on Mixed and Augmented Reality,CG,B,ismar,2023,ismar2023,https://ismar23.org/,,TBD,AoE,"Oct 16-20, 2023","Sydney, Australia"
CGI,Computer Graphics International,CG,C,cgi,2024,cgi24,https://www.cgs-network.org/cgi24/,,2024-02-10 23:59:00,UTC,"July 1-5, 2024","Geneva, Switzerland"
ICME,The IEEE International Conference on Multimedia & Expo,CG,B,icme,2022,icme22,http://2022.ieeeicme.org/paper.html,,2021-12-12 23:59:59,UTC-8,"July 18-22, 2022","Taipei, Taiwan, China"
ICME,The IEEE International Conference on Multimedia & Expo,CG,B,icme,2023,icme23,https://www.2023.ieeeicme.org/,,2022-12-22 23:59:59,UTC+0,"July 10-14, 2023","Brisbane, Australia"
ICME,The IEEE International Conference on Multimedia & Expo,CG,B,icme,2024,icme24,https://2024.ieeeicme.org/,,2023-12-30 23:59:59,UTC+0,"July 15-19, 2024","Niagra Falls, Canada"
ICASSP,"IEEE International Conference on Acoustics, Speech, and Signal Processing",CG,B,icassp,2022,icassp22,https://2022.ieeeicassp.org,,2021-10-06 23:59:59,UTC+0,"May 22-27, 2022",Singapore
ICASSP,"IEEE International Conference on Acoustics, Speech, and Signal Processing",CG,B,icassp,2023,icassp23,https://2023.ieeeicassp.org,,2022-10-26 23:59:59,UTC-12,"June 4-9, 2023","Rhodes Island, Greece"
ICASSP,"IEEE International Conference on Acoustics, Speech, and Signal Processing",CG,B,icassp,2024,icassp24,https://2024.ieeeicassp.org/,,2023-09-06 23:59:59,UTC-12,"April 14-19, 2024","COEX, Seoul, Korea"
3DV,International Conference on 3D Vision,CG,C,3dim,2024,3dv2024,https://3dvconf.github.io/2024/,,2023-08-07 23:59:59,UTC-7,"March 18-21, 2024","Davos, Switzerland"
ACM SIGGRAPH,ACM SIGGRAPH Annual Conference,CG,A,siggraph,2024,siggraph24,https://s2024.siggraph.org/,2024-01-23 22:00:00,2024-01-24 22:00:00,UTC+0,"July 28 - August 1, 2024",Denver
ACM SIGGRAPH,ACM SIGGRAPH Annual Conference,CG,A,siggraph,2023,siggraph23,https://s2023.siggraph.org/,2023-01-24 22:00:00,2023-01-25 22:00:00,UTC+0,"August 6-10, 2023",Los Angeles
ACM SIGGRAPH,ACM SIGGRAPH Annual Conference,CG,A,siggraph,2022,siggraph22,https://s2022.siggraph.org/,2022-01-26 22:00:00,2022-01-27 22:00:00,UTC+0,"August 7-11, 2022",Vancouver
ACM SIGGRAPH,ACM SIGGRAPH Annual Conference,CG,A,siggraph,2021,siggraph21,https://s2021.siggraph.org/,2021-01-27 22:00:00,2021-01-28 22:00:00,UTC+0,"August 9-13, 2021",Virtual
IEEE VIS,IEEE Visualization Conference,CG,A,visualization,2023,vis23,https://ieeevis.org/year/2023/welcome,2023-03-21 23:59:59,2023-03-31 23:59:59,AoE,"October 22-27, 2023","Melbourne, Australia"
ACM SIGGRAPH ASIA,ACM SIGGRAPH Annual Conference in Asia,CG,A,siggrapha,2024,siggrapha24,https://asia.siggraph.org/2024/,2024-05-12 23:59:00,2024-05-19 23:59:00,UTC-12,"December 3-6, 2024","Tokyo, Japan"
ACM SIGGRAPH ASIA,ACM SIGGRAPH Annual Conference in Asia,CG,A,siggrapha,2023,siggrapha23,https://asia.siggraph.org/2023/,2023-05-16 23:59:00,2023-05-23 23:59:00,UTC-12,"December 12-15, 2023","Sydney, Australia"
ACM SIGGRAPH ASIA,ACM SIGGRAPH Annual Conference in Asia,CG,A,siggrapha,2021,siggrapha21,https://sa2021.siggraph.org/,2021-05-20 22:00:00,2021-05-21 22:00:00,UTC+0,"December 14-17, 2021","Tokyo, Japan"
InterSpeech,Conference of the International Speech Communication Association,CG,C,interspeech,2022,interspeech22,https://www.interspeech2022.org/,,2022-03-21 23:59:59,UTC+9,"September 18-22, 2022","Incheon, South Korea"
InterSpeech,Conference of the International Speech Communication Association,CG,C,interspeech,2023,interspeech23,https://www.interspeech2023.org/,,2023-03-08 23:59:59,UTC+0,"August 20-24, 2023","Dublin, Ireland"
InterSpeech,Conference of the International Speech Communication Association,CG,C,interspeech,2024,interspeech24,https://www.interspeech2024.org/,2024-03-01 23:59:59,2024-03-09 23:59:59,UTC+0,"September 1-5, 2024",Greece
ACNS,Applied Cryptography and Network Security,SC,C,acns,2022,acns22,https://sites.google.com/di.uniroma1.it/acns2022,,2021-09-03 23:59:59,AoE,"June 20-23, 2022","Rome, Italy"
ACNS,Applied Cryptography and Network Security,SC,C,acns,2024,acns24,https://wp.nyu.edu/acns2024/,,2023-07-20 23:59:59,AoE,"March 5-8, 2024","Abu Dhabi, UAE"
FC,Financial Cryptography and Data Security,SC,C,fc,2022,fc22,https://fc22.ifca.ai/,,2021-09-02 23:59:59,UTC-12,"February 14-18, 2022",Radisson Grenada Beach Resort Grenada
FC,Financial Cryptography and Data Security,SC,C,fc,2024,fc24,https://fc24.ifca.ai/,,2023-09-18 23:59:59,UTC-12,"March 4-8, 2024","Willemstad, Curaçao"
SAC,Selected Areas in Cryptography,SC,C,sacrypt,2021,sac21,https://www.sac2021.ca/,,2021-07-07 23:59:59,UTC+1,"September 29 - October 01, 2021",Virtual
SAC,Selected Areas in Cryptography,SC,C,sacrypt,2024,sac24,https://sacworkshop.org/SAC24/,,2024-02-07 23:59:59,AoE,"August 28 - 30, 2024","Montreal, Canada"
RAID,International Symposium on Recent Advances in Intrusion Detection,SC,B,raid,2021,raid21,https://raid2021.org/,,2021-08-01 23:59:59,AoE,"October 6-8, 2021","Donostia / San Sebastian, Spain"
RAID,International Symposium on Recent Advances in Intrusion Detection,SC,B,raid,2023,raid23,https://raid2023.org/,,2023-03-29 23:59:59,AoE,"October 16-18, 2023","Hong Kong Polytechnic University, Hong Kong, China"
RAID,International Symposium on Recent Advances in Intrusion Detection,SC,B,raid,2024,raid24,https://raid2024.github.io/,,2024-04-15 23:59:59,AoE,"September 30 - October 2, 2024","Palazzo della Salute, Padua, Italy"
CSFW,IEEE Computer Security Foundations Workshop,SC,B,cgisfw,2022,csfw22,https://www.ieee-security.org/TC/CSF2022/,,2021-05-14 23:59:59,UTC-12,"August, 2022","Haifa, Israel"
CSFW,IEEE Computer Security Foundations Workshop,SC,B,cgisfw,2023,csfw23,https://www.ieee-security.org/TC/CSF2023/,,2022-05-13 23:59:59,UTC-12,"July, 2023","Dubrovnik, Croatia"
CSFW,IEEE Computer Security Foundations Workshop,SC,B,cgisfw,2024,csfw24,https://www.ieee-security.org/TC/CSF2024/,,2023-05-15 23:59:59,UTC-12,"July 8-12, 2024","Enschede, The Netherlands"
FSE,Fast Software Encryption,SC,B,fse,2023,fse23,https://fse.iacr.org/2023/,,2022-03-01 11:59:59,UTC+0,"March 20-24, 2023","Beijing, China"
FSE,Fast Software Encryption,SC,B,fse,2024,fse24,https://fse.iacr.org/2024/,,2023-03-01 11:59:59,UTC+0,"March 25-29, 2024","Leuven, Belgium"
S&P,IEEE Symposium on Security and Privacy,SC,A,sp,2022,sp22,https://www.ieee-security.org/TC/SP2022/,,2021-04-15 23:59:59,UTC-12,"May 23-26, 2022","SAN FRANCISCO, CA"
S&P,IEEE Symposium on Security and Privacy,SC,A,sp,2023,sp23,https://www.ieee-security.org/TC/SP2023/,,2022-04-01 23:59:59,UTC-12,"May 22-26, 2023","SAN FRANCISCO, CA"
S&P,IEEE Symposium on Security and Privacy,SC,A,sp,2024,sp24,https://www.ieee-security.org/TC/SP2024/,,2023-04-13 23:59:59,UTC-12,"MAY 20-23, 2024","SAN FRANCISCO, CA"
S&P,IEEE Symposium on Security and Privacy,SC,A,sp,2025,sp25,https://www.ieee-security.org/TC/SP2025/,,2024-06-06 23:59:59,UTC-12,TBD,TBD
DFRWS,Digital Forensic Research Workshop,SC,C,dfrws,2022,dfrws22,https://dfrws.org/conferences/dfrws-eu-2022/,,2021-10-03 23:59:59,AoE,"March 28-31 , 2022",Online and Physical (Location TBC)
HotSec,USENIX Workshop on Hot Topics in Security,SC,C,events,2021,hotsec21,https://www.usenix.org/conferences/byname/158,,2021-10-12 23:59:59,AoE,Extended,"Vancouver, British Columbia, Canada"
CCS,ACM Conference on Computer and Communications Security,SC,A,ccs,2020,ccs20,https://www.sigsac.org/ccs/CCS2020/,,2020-01-20 23:59:59,UTC-12,"November 9-13, 2020","Orlando, USA"
CCS,ACM Conference on Computer and Communications Security,SC,A,ccs,2021,ccs21,https://www.sigsac.org/ccs/CCS2021/,,2021-01-20 23:59:59,UTC-12,"November 15-19, 2021","Seoul, South Korea"
CCS,ACM Conference on Computer and Communications Security,SC,A,ccs,2022,ccs22,https://www.sigsac.org/ccs/CCS2022/,,2022-01-14 23:59:59,UTC-12,"November 14-19, 2022","Los Angeles, U.S.A."
CCS,ACM Conference on Computer and Communications Security,SC,A,ccs,2023,ccs23,https://www.sigsac.org/ccs/CCS2023/,,2023-01-19 23:59:59,UTC-12,"November 26-30, 2023","Copenhagen, Denmark"
CCS,ACM Conference on Computer and Communications Security,SC,A,ccs,2024,ccs24,https://www.sigsac.org/ccs/CCS2024/,,2024-01-28 23:59:59,UTC-12,"October 14-18, 2024","Salt Lake City, U.S.A"
IFIP WG 11.9,IFIP WG 11.9 International Conference on Digital Forensics,SC,C,NO DBLP,2022,ifip119'22,http://www.ifip119.org/Conferences/,,2021-10-15 23:59:59,AoE,"January 3 - 5, 2022","New Delhi, India"
INDOCRYPT,International Conference on Cryptology in India,SC,C,indocrypt,2023,indocrypt23,https://crsind.in/indocrypt2023/,,2023-09-01 23:59:59,UTC-12,"December 10-13, 2023","BITS Pilani Goa, India"
ICICS,International Conference on Information and Communications Security,SC,C,icics,2021,icics21,https://icics.cn/,,2021-05-22 23:59:59,AoE,"September 17-19, 2021","Chongqing, China"
ICICS,International Conference on Information and Communications Security,SC,C,icics,2023,icics23,https://icics23.nankai.edu.cn/,,2023-03-30 23:59:59,AoE,"November 18-20, 2023","Nankai University, Tianjin, China"
ICICS,International Conference on Information and Communications Security,SC,C,icics,2024,icics24,http://icics2024.aegean.gr/,,2024-02-02 23:59:59,AoE,"August 26-28, 2024","Mytilene, Greece"
ACISP,Australasia Conference on Information Security and Privacy,SC,C,acisp,2021,acisp21,https://data61dsslab.github.io/acisp2021/,,2021-02-25 23:59:59,AoE,"December 1-3, 2021","Perth, Australia"
ACISP,Australasia Conference on Information Security and Privacy,SC,C,acisp,2024,acisp24,https://www.acisp24.com/,,2023-11-06 23:59:59,AoE,"July 15-17, 2024",Australia
CRYPTO,International Cryptology Conference,SC,A,crypto,2021,crypto21,https://crypto.iacr.org/2021/,,2021-02-24 21:00:00,UTC-12,"August 15-19, 2021",Virtual
CRYPTO,International Cryptology Conference,SC,A,crypto,2023,crypto23,https://crypto.iacr.org/2023/,,2023-02-16 18:00:00,UTC-5,"August 19-24, 2023","Santa Barbara, USA"
CRYPTO,International Cryptology Conference,SC,A,crypto,2024,crypto24,https://crypto.iacr.org/2024/,,2024-02-13 23:59:59,UTC-12,"August 18-22, 2024","Santa Barbara, USA"
NSPW,New Security Paradigms Workshop,SC,C,nspw,2021,nspw21,https://www.nspw.org/2021,,2021-06-04 23:59:59,UTC-11,"October 25-28, 2021",Virtual
NSPW,New Security Paradigms Workshop,SC,C,nspw,2024,nspw24,https://www.nspw.org/2024/cfp,,2024-04-12 23:59:00,UTC-11,"September 16-18, 2024","Bedford, PA USA"
AsiaCCS,Asia Conference on Computer and Communications Security,SC,C,ccs,2022,asiaccs22,https://asiaccs2022.conferenceservice.jp/,,2021-07-30 23:59:59,AoE,"May 30-June 3, 2022","Nagasaki, Japan"
AsiaCCS,Asia Conference on Computer and Communications Security,SC,C,ccs,2024,asiaccs24,https://asiaccs2024.sutd.edu.sg/,,2023-08-21 23:59:59,AoE,"July 1-5, 2024",Singapore
SRDS,IEEE International Symposium on Reliable Distributed Systems,SC,B,srds,2021,srds21,https://srds-conference.org/,,2021-04-16 23:59:59,AoE,"September 20-23, 2021",Virtual
SRDS,IEEE International Symposium on Reliable Distributed Systems,SC,B,srds,2023,srds23,https://srds-conference.org/,,2023-04-15 23:59:59,UTC+1,"September 27-29, 2023","Marrakech, Morocco"
CT-RSA,Cryptographer's Track at RSA Conference,SC,C,ctrsa,2022,ct-rsa22,https://ct-rsa-2022.auckland.ac.nz/,,2021-09-13 23:59:59,UTC-12,"February 07-10 , 2022","San Francisco, CA, USA"
CT-RSA,Cryptographer's Track at RSA Conference,SC,C,ctrsa,2024,ct-rsa24,https://ct-rsa-2024.aau.at/,,2023-10-02 23:59:59,UTC-12,"May 06-09 , 2024","San Francisco, CA, USA"
DIMVA,Detection of Intrusions and Malware & Vulnerability Assessment,SC,C,dimva,2021,dimva21,https://dimva2021.campus.ciencias.ulisboa.pt/,,2021-03-01 23:59:59,AoE,"July 14-16 , 2022",Virtual
DIMVA,Detection of Intrusions and Malware & Vulnerability Assessment,SC,C,dimva,2024,dimva24,https://dimva.org/dimva2024/,,2023-12-19 23:59:59,AoE,"July 17-19, 2024","Lausanne, Switzerland"
EuroS&P,IEEE European Symposium on Security and Privacy,SC,C,eurosp,2024,eurosp24,https://eurosp2024.ieee-security.org/,,2023-11-02 23:59:59,UTC-12,"July 8-12, 2024","Vienna, Austria"
ACSAC,Annual Computer Security Applications Conference,SC,B,acsac,2021,acsac21,https://www.acsac.org/,,2021-09-14 23:59:59,UTC-12,"December 6-10, 2021",Online
ACSAC,Annual Computer Security Applications Conference,SC,B,acsac,2023,acsac23,https://www.acsac.org/,,2023-05-26 23:59:59,UTC-12,"December 4-8, 2023","Austin, Texas, USA"
DSN,International Conference on Dependable Systems and Networks,SC,B,dsn,2022,dsn22,https://dsn2022.github.io/,,2021-12-03 23:59:59,AoE,"June 27-30, 2022","Baltimore, Maryland, USA"
DSN,International Conference on Dependable Systems and Networks,SC,B,dsn,2024,dsn24,https://dsn2024uq.github.io,2023-11-29 23:59:59,2023-12-06 23:59:59,AoE,"June 24-27, 2024","Brisbane, Australia"
PKC,International Conference on Practice and Theory of Public-Key Cryptography,SC,B,pkc,2021,pkc21,https://pkc.iacr.org/2021/,,2020-11-13 23:59:59,UTC-12,"May 10, 2021",Virtual
PKC,International Conference on Practice and Theory of Public-Key Cryptography,SC,B,pkc,2024,pkc24,https://pkc.iacr.org/2024/,,2023-10-01 23:59:59,UTC-12,"April 15-17, 2024","Sydney, Australia"
CHES,International Conference on Cryptographic Hardware and Embedded Systems,SC,B,ches,2022,ches22,https://ches.iacr.org/2022/,,2021-07-15 23:59:59,AoE,"September , 2022","Beijing, China"
CHES,International Conference on Cryptographic Hardware and Embedded Systems,SC,B,ches,2023,ches23,https://ches.iacr.org/2023/,,2022-07-15 23:59:59,AoE,"September 10-14, 2023","Prague, Czech Republic"
CHES,International Conference on Cryptographic Hardware and Embedded Systems,SC,B,ches,2024,ches24,https://ches.iacr.org/2024/,,2023-07-15 23:59:59,AoE,"September, 2024","Halifax, Canada"
ASIACRYPT,International Conference on the Theory and Application of Cryptology and Information Security,SC,B,asiacrypt,2021,asiacrypt21,https://asiacrypt.iacr.org/2021/,,2021-05-27 11:59:59,UTC-12,"December 5-9, 2021",Singapore
ASIACRYPT,International Conference on the Theory and Application of Cryptology and Information Security,SC,B,asiacrypt,2023,asiacrypt23,https://asiacrypt.iacr.org/2023/,,2023-05-26 11:59:00,UTC-12,"December 4-8, 2023","Guangzhou, China"
EUROCRYPT,European Cryptology Conference,SC,A,eurocrypt,2021,eurocrypt21,https://eurocrypt.iacr.org/2021,,2020-10-08 21:00:00,UTC-12,"October 17-21, 2021","Zagreb, Croatia"
EUROCRYPT,European Cryptology Conference,SC,A,eurocrypt,2024,eurocrypt24,https://eurocrypt.iacr.org/2024,,2023-10-06 23:59:59,AoE,"May 26-30, 2024","Zurich, Switzerland"
TCC,Theory of Cryptography Conference,SC,B,tcc,2021,tcc21,https://tcc.iacr.org/2021/,,2021-05-25 21:00:00,UTC-12,"Nov 8, 2021","Raleigh, United States"
TCC,Theory of Cryptography Conference,SC,B,tcc,2023,tcc23,https://tcc.iacr.org/2023/,,2023-06-01 15:00:00,UTC-4,"Nov 29 - Dec 12, 2023","Taipei, China"
NDSS,Network and Distributed System Security (NDSS) Symposium,SC,A,ndss,2022,ndss22,https://www.ndss-symposium.org/ndss2022/,,2021-05-21 23:59:59,UTC-12,"February 27 - March 3, 2022","San Diego, California"
NDSS,Network and Distributed System Security (NDSS) Symposium,SC,A,ndss,2023,ndss23,https://www.ndss-symposium.org/ndss2023/,,2022-05-13 23:59:59,UTC-12,TBD,"San Diego, California"
NDSS,Network and Distributed System Security (NDSS) Symposium,SC,A,ndss,2024,ndss24,https://www.ndss-symposium.org/ndss2024/,,2023-04-19 23:59:59,UTC-12,"February 26 - March 1, 2024","San Diego, California"
NDSS,Network and Distributed System Security (NDSS) Symposium,SC,A,ndss,2025,ndss25,https://www.ndss-symposium.org/ndss2025/,,2024-04-17 23:59:59,UTC-12,"February 23 - February 28, 2025","San Diego, California"
SOUPS,Symposium On Usable Privacy and Security,SC,C,soups,2021,soups21,https://www.usenix.org/conference/soups2021,,2021-02-18 23:59:59,AoE,"AUGUST 8-10, 2021",Co-located withUSENIX Security '21
SOUPS,Symposium On Usable Privacy and Security,SC,C,soups,2024,soups24,https://www.usenix.org/conference/soups2024,,2024-02-08 23:59:59,AoE,"AUGUST 11-13, 2024","Philadelphia, USA"
SecureComm,International Conference on Security and Privacy in Communication Networks,SC,C,securecomm,2021,securecomm21,https://securecomm.eai-conferences.org/2021/,,2021-03-31 23:59:59,AoE,"September 6-9, 2021","Canterbury, Great Britain(online)"
SecureComm,International Conference on Security and Privacy in Communication Networks,SC,C,securecomm,2023,securecomm23,https://securecomm.eai-conferences.org/2023/,,2023-05-06 23:59:59,AoE,"October 19-21, 2023","Hong Kong SAR, Hong Kong"
SecureComm,International Conference on Security and Privacy in Communication Networks,SC,C,securecomm,2024,securecomm24,https://securecomm.eai-conferences.org/2024/,,2024-05-10 23:59:59,AoE,"October 28-30, 2024","Dubai, United Arab Emirates"
IH&MMSec,ACM Workshop on Information Hiding and Multimedia Security,SC,C,ih,2021,ih&mmsec21,https://www.ihmmsec.org/,,2021-02-25 23:59:59,AoE,"June 22-25, 2021",Virtual
SEC,IFIP International Information Security Conference,SC,C,sec,2021,sec21,https://ifipsec.org/2021/,,2021-02-15 23:59:59,AoE,"June 22-24, 2021","Oslo, Norway"
SACMAT,ACM Symposium on Access Control Models and Technologies,SC,C,sacmat,2021,sacmat21,http://sacmat.dista.uninsubria.it/2021/,,2021-02-25 23:59:59,AoE,"June 16-18, 2021",Virtual
USENIX Security,USENIX Security Symposium,SC,A,uss,2022,uss22,https://www.usenix.org/conference/usenixsecurity22,,2021-06-08 23:59:59,UTC-12,"August 10-12, 2022","BOSTON, MA, USA"
USENIX Security,USENIX Security Symposium,SC,A,uss,2023,uss23,https://www.usenix.org/conference/usenixsecurity23,,2022-06-07 23:59:59,UTC-12,"August 9-11, 2023","ANAHEIM, CA, USA"
USENIX Security,USENIX Security Symposium,SC,A,uss,2024,uss24,https://www.usenix.org/conference/usenixsecurity24,,2023-06-06 23:59:59,UTC-12,"August 14-16, 2024","PHILADELPHIA, PA, USA"
USENIX Security,USENIX Security Symposium,SC,A,uss,2025,uss25,https://www.usenix.org/conference/usenixsecurity25,,2024-09-04 23:59:59,UTC-12,"August 13-15, 2025","SEATTLE, WA, USA"
WiSec,ACM Conference on Security and Privacy in Wireless and Mobile Networks,SC,C,wisec,2021,wisec21,https://sites.nyuad.nyu.edu/wisec21/,,2021-03-25 23:59:59,AoE,"June 28 - July 2, 2021","Abu Dhabi, UAE"
WiSec,ACM Conference on Security and Privacy in Wireless and Mobile Networks,SC,C,wisec,2024,wisec24,https://wisec2024.kaist.ac.kr/,,2024-02-08 23:59:59,AoE,"May 27 - 30, 2024","Seoul, Korea"
ISC,Information Security Conference,SC,C,isw,2021,isc21,https://isc2021.petra.ac.id/,,2021-07-23 23:59:59,UTC-12,"November 9 - 13, 2021","Bali, Indonesia"
ISC,Information Security Conference,SC,C,isw,2024,isc24,https://isc24.cs.gmu.edu/,,2024-06-06 23:59:59,AoE,"Oct 23 - 25, 2024","VA, USA"
ICDF2C,International Conference on Digital Forensics & Cyber Crime,SC,C,icdf2c,2021,icdf2c21,https://icdf2c.eai-conferences.org/2021/,,2021-06-16 23:59:59,UTC-12,"December 7-9, 2021","Singapore, Singapore"
ICDF2C,International Conference on Digital Forensics & Cyber Crime,SC,C,icdf2c,2024,icdf2c24,https://icdf2c.eai-conferences.org/2024/,,2024-04-30 23:59:59,UTC-12,"October 9-10, 2024","Dubrovnik, Croatia"
PETS,Privacy Enhancing Technologies Symposium,SC,C,pet,2022,pets22,https://petsymposium.org/cfp22.php,,2021-05-31 23:59:59,AoE,"July 18-23, 2022","Sydney, Australia"
PETS,Privacy Enhancing Technologies Symposium,SC,C,pet,2024,pets24,https://www.petsymposium.org/cfp24.php,,2023-05-31 23:59:59,AoE,"July 15-20, 2024","Bristol, UK and Online"
TrustCom,"IEEE International Conference on Trust, Security and Privacy in Computing and Communications",SC,C,trustcom,2021,trustcom21,https://trustcom2021.sau.edu.cn/,,2021-04-30 23:59:59,UTC+8,To be announced,"Shenyang, China"
ESORICS,European Symposium on Research in Computer Security,SC,B,esorics,2022,esorics22,https://esorics2022.compute.dtu.dk/,,2022-01-31 23:59:59,UTC+1,"September 26-30, 2022","Copenhagen, Denmark"
ESORICS,European Symposium on Research in Computer Security,SC,B,esorics,2024,esorics24,https://esorics2024.org/,,2024-01-08 23:59:59,AoE,"September 16-20, 2024","Bydgoszcz, Poland"
PAM,Passive and Active Measurement Conference,SC,C,pam,2021,pam21,https://www.pam2021.b-tu.de/,,2020-10-16 23:59:59,UTC-4,"March 29-31, 2021",Virtual
PAM,Passive and Active Measurement Conference,SC,C,pam,2022,pam22,https://pam2022.nl/,,2021-10-20 23:59:59,AoE,"March 28-30, 2022",Virtual
KSEM,"International Conference on Knowledge Science, Engineering and Management",AI,C,ksem,2023,ksem23,https://www.ksem2023.conferences.academy/,,2023-04-28 23:59:00,UTC-8,"Aug 16-18, 2023","Guangzhou, China"
KSEM,"International Conference on Knowledge Science, Engineering and Management",AI,C,ksem,2024,ksem24,https://ai-edge.net/,,2024-02-15 23:59:00,UTC+0,"Aug 16-18, 2024",Birmingham
AAAI,AAAI Conference on Artificial Intelligence,AI,A,aaai,2022,aaai22,https://aaai.org/Conferences/AAAI-22/,2021-08-30 23:59:59,2021-09-08 23:59:59,UTC-12,"February 22 - March 1, 2022","Vancouver, British Columbia, Canada"
AAAI,AAAI Conference on Artificial Intelligence,AI,A,aaai,2023,aaai23,https://www.aaai.org/Conferences/AAAI-23/,2022-08-08 23:59:59,2022-08-15 23:59:59,UTC-12,"February 7 - February 14, 2023","Washington, DC, USA"
AAAI,AAAI Conference on Artificial Intelligence,AI,A,aaai,2024,aaai24,https://www.aaai.org/aaai-conference/,2023-08-08 23:59:59,2023-08-15 23:59:59,UTC-12,"February 20 - February 27, 2024","Vancouver, British Columbia, Canada"
KR,International Conference on Principles of Knowledge Representation and Reasoning,AI,B,kr,2023,krd23,https://kr.org/KR2023/,2023-03-03 00:00:00,2023-03-14 00:00:00,UTC-8,"Sep 2-8, 2023","Rhodes, Greece"
KR,International Conference on Principles of Knowledge Representation and Reasoning,AI,B,kr,2024,krd24,https://kr.org/KR2024/,2024-04-24 23:59:59,2024-05-01 23:59:59,UTC-12,"November 2-8, 2024","Hanoi, Vietnam"
COLT,Annual Conference on Learning Theory,AI,B,colt,2022,colt22,https://learningtheory.org/colt2022/index.html,,2022-02-09 15:59:59,UTC-8,"July 2-5, 2022","London, UK"
COLT,Annual Conference on Learning Theory,AI,B,colt,2024,colt24,https://www.learningtheory.org/colt2024/,,2024-02-09 15:59:59,UTC-5,"June 30 - July 3, 2024","Edmonton, Canada"
ACCV,Asian Conference on Computer Vision,AI,C,accv,2024,accv24,https://accv2024.org/,,2024-07-02 23:59:59,UTC-12,"December 8-12, 2024","Hanoi, Vietnam"
ICRA,IEEE International Conference on Robotics and Automation,AI,B,icra,2022,icra22,https://www.icra2022.org/,,2021-09-15 02:59:00,UTC-8,"May 23-27, 2022","Philadelphia (PA), USA"
ICRA,IEEE International Conference on Robotics and Automation,AI,B,icra,2023,icra23,https://www.icra2023.org/,,2022-09-15 23:59:59,UTC-8,"May 29- June 2, 2023","ExCeL London, UK"
ICRA,IEEE International Conference on Robotics and Automation,AI,B,icra,2024,icra24,http://ieee-icra.org/,,2023-09-15 23:59:00,UTC-8,"May 13-17, 2024","Yokohama, Japan"
PPSN,International Conference on Parallel Problem Solving From Nature,AI,B,ppsn,2024,ppsn24,https://ppsn2024.fh-ooe.at/,,2024-04-18 23:59:59,UTC-12,"September 14-18, 2024","University of Applied Sciences Upper Austria, Softwarepark Hagenberg, Austria"
ICLR,International Conference on Learning Representations,AI,N,iclr,2022,iclr22,https://iclr.cc/Conferences/2022,2021-09-29 12:00:00,2021-10-21 12:00:00,UTC-12,"April 25-29, 2022",Virtual conference
ICLR,International Conference on Learning Representations,AI,N,iclr,2023,iclr23,https://iclr.cc/Conferences/2023,2022-09-21 23:59:59,2022-09-28 23:59:59,UTC-12,"May 01-05, 2023","Kigali, Rwanda"
ICLR,International Conference on Learning Representations,AI,N,iclr,2024,iclr24,https://iclr.cc/Conferences/2024,2023-09-21 23:59:59,2023-09-28 23:59:59,UTC-12,"May 07-11, 2024","Vienna, Austria"
ICANN,International Conference on Artificial Neural Networks,AI,C,icann,2023,icann2023,https://e-nns.org/icann2023/,2023-04-09 23:59:59,2023-04-09 23:59:59,UTC-12,"Sept 26-29, 2023","Crete, Greece"
ICANN,International Conference on Artificial Neural Networks,AI,C,icann,2024,icann2024,https://e-nns.org/icann2024/,,2024-03-25 23:59:59,AoE,"Sept 17-20, 2024","Lugano-Viganello, Switzerland"
ALT,International Conference on Algorithmic Learning Theory,AI,C,alt,2024,alt2024,http://algorithmiclearningtheory.org/alt2024/,2023-09-26 23:59:59,2023-09-26 23:59:59,UTC+8,"February 25-28, 2024","San Diego, California"
NAACL,The Annual Conference of the North American Chapter of the Association for Computational Linguistics,AI,B,naacl,2022,naacl22,https://2022.naacl.org/,,2022-01-15 23:59:59,UTC-12,"July 10-15, 2022","Washington DC, USA"
NAACL,The Annual Conference of the North American Chapter of the Association for Computational Linguistics,AI,B,naacl,2024,naacl24,https://2024.naacl.org/,,2023-12-15 23:59:59,UTC-12,"June 16-21, 2024","Mexico City, Mexico"
NeurIPS,Conference on Neural Information Processing Systems,AI,A,nips,2021,nips21,https://neurips.cc/Conferences/2021/,2021-05-21 20:00:00,2021-05-28 20:00:00,UTC+0,"December 5-14, 2021",Virtual
NeurIPS,Conference on Neural Information Processing Systems,AI,A,nips,2022,nips22,https://neurips.cc/Conferences/2022,2022-05-16 20:00:00,2022-05-19 20:00:00,UTC+0,"November 28-December 9, 2022","New Orleans, Louisiana, USA"
NeurIPS,Conference on Neural Information Processing Systems,AI,A,nips,2023,nips23,https://neurips.cc/Conferences/2023,2023-05-11 20:00:00,2023-05-17 20:00:00,UTC+0,"November 28-December 9, 2023","New Orleans, Louisiana, USA"
NeurIPS,Conference on Neural Information Processing Systems,AI,A,nips,2024,nips24,https://neurips.cc/Conferences/2024,,2024-05-22 20:00:00,UTC+0,"December 9-December 15, 2024","Vancouver, Canada"
ACML,Asian Conference on Machine Learning,AI,C,acml,2021,acml21,http://www.acml-conf.org/2021/,,2021-06-25 23:59:59,UTC-7,"November 17-19, 2021",Virtual
ACML,Asian Conference on Machine Learning,AI,C,acml,2023,acml23,https://www.acml-conf.org/2023/index.html,,2023-06-23 23:59:59,UTC-12,"November 11-14, 2023","İstanbul, Turkey"
ACML,Asian Conference on Machine Learning,AI,C,acml,2024,acml24,https://www.acml-conf.org/2024/index.html,,2024-06-26 23:59:59,UTC-12,"December 5-7, 2024","Hanoi, Vietnam"
UAI,Conference on Uncertainty in Artificial Intelligence,AI,B,uai,2021,uai21,http://auai.org/uai2021/,,2021-02-19 23:59:59,UTC+0,"July 27-29, 2021",Virtual
UAI,Conference on Uncertainty in Artificial Intelligence,AI,B,uai,2023,uai23,http://auai.org/uai2023/,,2023-02-17 23:59:59,AoE,"August 1-3, 2023","Pittsburgh, PA, USA"
UAI,Conference on Uncertainty in Artificial Intelligence,AI,B,uai,2024,uai24,http://auai.org/uai2024/,,2024-02-09 23:59:59,AoE,"July 15-19, 2024","Barcelona, Spain"
ICONIP,International Conference on Neural Information Processing,AI,C,iconip,2023,iconip2023,http://iconip2023.org/,,2023-06-30 11:59:00,UTC-8,"Nov 20-23, 2023","Changsha, China"
ICONIP,International Conference on Neural Information Processing,AI,C,iconip,2024,iconip2024,http://iconip2024.org/,,2024-05-31 23:59:59,UTC-12,"December 2-6, 2024","Auckland, New Zealand"
ICTAI,International Conference on Tools with Artificial Intellignce,AI,C,ictai,2021,ictai21,https://ictai.computer.org/,,2021-06-20 23:59:00,UTC-7,"November 01-03, 2021","Washington DC, USA"
IJCAI,International Joint Conference on Artificial Intelligence,AI,A,ijcai,2022,ijcai22,https://ijcai-22.org,,2022-01-14 23:59:59,UTC+1,"July 23-29, 2022","Vienna, Austria."
IJCAI,International Joint Conference on Artificial Intelligence,AI,A,ijcai,2023,ijcai23,https://ijcai-23.org,2023-01-11 23:59:59,2023-01-18 23:59:59,UTC-12,"August 19-25, 2023","Cape Town, South Africa."
IJCAI,International Joint Conference on Artificial Intelligence,AI,A,ijcai,2024,ijcai24,https://ijcai24.org/,2024-01-10 23:59:59,2024-01-17 23:59:59,UTC-12,"August 3-9, 2024","Jeju Island, South Korea."
COLING,INTERNATIONNAL CONFERENCE ON COMPUTATIONAL LINGUISTICS,AI,B,coling,2022,coling22,https://coling2022.org/,,2022-05-17 23:59:00,AoE,"June 12-17, 2022","Gyeongju, Republic of Korea"
COLING,INTERNATIONNAL CONFERENCE ON COMPUTATIONAL LINGUISTICS,AI,B,coling,2024,coling24,https://lrec-coling-2024.lrec-conf.org/,,2023-10-21 23:59:59,UTC-12,"May 20 - May 25, 2024","Torino, Italy"
ECCV,European Conference on Computer Vision,AI,B,eccv,2022,eccv22,https://eccv2022.ecva.net/,,2022-03-07 11:59:00,UTC-8,"October 24 - October 28, 2022","Tel-Aviv, Israel"
ECCV,European Conference on Computer Vision,AI,B,eccv,2024,eccv24,https://eccv2024.ecva.net/,2024-02-29 13:00:00,2024-03-07 13:00:00,UTC-8,"September 29 - October 4, 2024","MiCo Milano, Italy"
AAMAS,International Conference on Autonomous Agents and Multiagent Systems,AI,B,atal,2023,aamas23,https://aamas2023.soton.ac.uk/,2022-10-21 00:00:00,2022-10-28 00:00:00,UTC-8,"May 29 - June 2, 2023","London, UK"
AAMAS,International Conference on Autonomous Agents and Multiagent Systems,AI,B,atal,2024,aamas24,https://www.aamas2024-conference.auckland.ac.nz/,2023-10-02 23:59:59,2023-10-09 23:59:59,UTC-12,"May 6-10, 2024","Auckland, New Zealand"
COLM,Conference on Language Modeling,AI,N,colm,2024,colm24,https://colmweb.org/cfp.html,2024-03-22 23:59:59,2024-03-29 23:59:59,AoE,"October 7-9, 2024",TBD
ACL,Annual Meeting of the Association for Computational Linguistics,AI,A,acl,2022,acl22,https://www.2022.aclweb.org/,,2021-09-15 23:59:59,UTC-12,"May 22-27, 2022","Dublin, Ireland"
ACL,Annual Meeting of the Association for Computational Linguistics,AI,A,acl,2023,acl23,https://2023.aclweb.org/,2023-01-13 23:59:59,2023-01-20 23:59:59,UTC-12,"July 9-14, 2023","Toronto, Canada"
ACL,Annual Meeting of the Association for Computational Linguistics,AI,A,acl,2024,acl24,https://2024.aclweb.org/,,2024-02-15 23:59:59,UTC-12,"August 11-16, 2024","Bangkok, Thailand"
BMVC,British Machine Vision Conference,AI,C,bmvc,2021,bmvc21,https://britishmachinevisionassociation.github.io/bmvc,,2021-06-25 23:59:59,UTC-8,"November 22-25, 2021",Virtual
BMVC,British Machine Vision Conference,AI,C,bmvc,2023,bmvc23,https://www.bmvc2023.org/,,2023-05-12 23:59:59,UTC,"November 20-24, 2023","Aberdeen, UK"
BMVC,British Machine Vision Conference,AI,C,bmvc,2024,bmvc24,https://bmvc2024.org/,2024-04-27 07:59:59,2024-05-11 07:59:59,UTC+8,"November 25-28, 2024","Glasgow, UK"
CVPR,IEEE/CVF Conference on Computer Vision and Pattern Recognition,AI,A,cvpr,2022,cvpr22,http://cvpr2022.thecvf.com/,2021-11-09 23:59:00,2021-11-16 23:59:00,UTC-8,"June 19 - June 24, 2022","New Orleans, Louisiana"
CVPR,IEEE/CVF Conference on Computer Vision and Pattern Recognition,AI,A,cvpr,2023,cvpr23,http://cvpr2023.thecvf.com/,,2022-11-11 23:59:59,UTC-8,"June 17-23, 2023","Vancouver, Canada"
CVPR,IEEE/CVF Conference on Computer Vision and Pattern Recognition,AI,A,cvpr,2024,cvpr24,https://cvpr.thecvf.com/Conferences/2024,,2023-11-17 23:59:59,UTC-8,"June 17-21, 2024","Seattle, USA"
ICML,International Conference on Machine Learning,AI,A,icml,2022,icml22,https://icml.cc/Conferences/2022,2022-01-20 23:59:00,2022-01-27 23:59:00,UTC-12,"July 17-23, 2022","Baltimore, Maryland USA"
ICML,International Conference on Machine Learning,AI,A,icml,2023,icml23,https://icml.cc/Conferences/2023,2023-01-09 07:59:59,2023-01-26 07:59:59,UTC-12,"July 23-29, 2023","Hawaii Convention Center,Hawaii, USA"
ICML,International Conference on Machine Learning,AI,A,icml,2024,icml24,https://icml.cc/Conferences/2024,,2024-02-01 23:59:59,UTC-12,"July 21-27, 2024","Messe Wien Exhibition Congress Center, Vienna, Austria"
ICCV,IEEE International Conference on Computer Vision,AI,A,iccv,2021,iccv21,http://iccv2021.thecvf.com/home/,,2021-03-17 23:59:59,UTC-7,"October 10-17, 2021",Montreal
ICCV,IEEE International Conference on Computer Vision,AI,A,iccv,2023,iccv23,http://iccv2023.thecvf.com/home/,,2023-03-08 23:59:59,UTC+0,"October 2-6, 2023",Paris
CICAI,CAAI International Conference on Artificial Intelligence,AI,N,cicai,2023,cicai23,https://cicai.caai.cn/,,2023-06-30 23:59:59,UTC+8,"July 22-23, 2023","Fuzhou, China"
IJCNN,International Joint Conference on Neural Networks,AI,C,ijcnn,2024,ijcnn2024,https://2024.ieeewcci.org/,,2024-01-29 23:59:59,UTC-12,"June 30 - July 5, 2024","Yokohama, Japan"
IROS,IEEE\RSJ International Conference on Intelligent Robots and Systems,AI,C,iros,2023,iros23,https://ieee-iros.org/,,2023-03-01 23:59:59,UTC-8,"October 1-5, 2023","Detroit, Michigan, USA"
IROS,IEEE\RSJ International Conference on Intelligent Robots and Systems,AI,C,iros,2024,iros24,http://iros2024-abudhabi.org/,,2024-03-15 23:59:59,UTC-8,"October 13-17, 2024","Abu Dhabi, UAE"
EMNLP,The annual Conference on Empirical Methods in Natural Language Processing,AI,B,emnlp,2022,emnlp22,https://2022.emnlp.org,2022-06-17 23:59:59,2022-06-24 23:59:59,UTC-12,"December 7 - 11, 2022",Abu Dhabi
EMNLP,The annual Conference on Empirical Methods in Natural Language Processing,AI,B,emnlp,2023,emnlp23,https://2023.emnlp.org,2023-06-16 23:59:59,2023-06-23 23:59:59,UTC-12,"December 6 - 10, 2023",Singapore
EMNLP,The annual Conference on Empirical Methods in Natural Language Processing,AI,B,emnlp,2024,emnlp24,https://2024.emnlp.org,,2024-06-15 23:59:59,UTC-12,"November 12 - 16, 2024","Miami, Florida, USA"
ICCBR,International Conference on Case-Based Reasoning,AI,B,iccbr,2024,iccbr2024,https://www.iccbr2024.org/,,2024-02-26 00:00:00,UTC-6,"June 1-4, 2024","Merida, Yucatan, Mexico"
ECAI,European Conference on Artificial Intelligence,AI,B,ecai,2023,ecai23,https://ecai2023.eu/,2023-05-02 23:59:59,2023-05-08 23:59:59,UTC-12,"October 2-5, 2023","Kraków, Poland"
ECAI,European Conference on Artificial Intelligence,AI,B,ecai,2024,ecai24,https://www.ecai2024.eu/,2024-04-19 23:59:59,2024-04-25 23:59:59,UTC-12,"October 19-24, 2024",Santiago de Compostela
ICPR,International Conference on Pattern Recognition,AI,C,icpr,2024,icpr24,https://icpr2024.org/,,2024-04-10 23:59:59,UTC-7,"Dec 01-05, 2024","Kolkata, India"
AISTATS,International Conference on Artificial Intelligence and Statistics,AI,C,aistats,2022,aistats22,https://aistats.org/aistats2022/,,2021-10-15 11:59:00,UTC+0,"March 30 - April 1, 2022","Valencia, Spain"
AISTATS,International Conference on Artificial Intelligence and Statistics,AI,C,aistats,2024,aistats24,https://aistats.org/aistats2024/,,2023-10-16 23:59:59,UTC-12,"May 2-4, 2024","Valencia, Spain"
RSS,Robotics Science and Systems,AI,N,rss,2023,rss23,https://roboticsconference.org/,,2023-02-03 23:59:59,AoE,"July 10-14, 2023","Daegu, Republic of Korea"
RSS,Robotics Science and Systems,AI,N,rss,2024,rss24,https://roboticsconference.org/,,2024-02-02 23:59:00,AoE,"July 15-19, 2024","Delft, Netherlands"
APWeb-WAIM,The 8th APWeb-WAIM joint international conference on Web and Big Data,DB,C,APWeb,2024,apweb24,https://apweb2024.zjnu.edu.cn/,,2024-03-20 23:59:59,UTC-12,"August 30 - Septemper 1, 2024.","Jinhua, China"
SIGIR,International Conference on Research on Development in Information Retrieval,DB,A,sigir,2021,sigir21,http://sigir.org/sigir2021/,2021-02-02 23:59:59,2021-02-09 23:59:59,AoE,"July 11-15, 2021",Virtual
SIGIR,International Conference on Research on Development in Information Retrieval,DB,A,sigir,2022,sigir22,https://sigir.org/sigir2022/,2022-01-21 23:59:59,2022-01-28 23:59:59,AoE,"July 11-15, 2022",Madrid
SIGIR,International Conference on Research on Development in Information Retrieval,DB,A,sigir,2023,sigir23,https://sigir.org/sigir2023/,2023-01-24 23:59:59,2023-01-31 23:59:59,AoE,"July 23-27, 2023","Taipei, Taiwan"
SIGIR,International Conference on Research on Development in Information Retrieval,DB,A,sigir,2024,sigir24,https://sigir-2024.github.io/index.html,2024-01-19 23:59:59,2024-01-25 23:59:59,AoE,"July 14-18, 2024","Washington D.C., USA"
EDBT,International Conference on Extending Database Technology,DB,B,edbt,2022,edbt22,https://conferences.inf.ed.ac.uk/edbticdt2022/,,2021-10-01 23:59:59,AoE,"Mar 29-April 01, 2022","Edinburgh, UK"
EDBT,International Conference on Extending Database Technology,DB,B,edbt,2023,edbt23,http://edbticdt2023.cs.uoi.gr/,,2022-02-15 23:59:59,AoE,"March 28-31, 2023","Ioannina, Greece"
EDBT,International Conference on Extending Database Technology,DB,B,edbt,2024,edbt24,https://dastlab.github.io/edbticdt2024/,,2023-02-15 23:59:59,AoE,"March 25-28, 2024","Paestum, Italy"
ICDT,International Conference on Database Theory,DB,B,icdt,2022,icdt22,https://conferences.inf.ed.ac.uk/edbticdt2022/,2021-09-06 23:59:59,2021-09-13 23:59:59,AoE,"Mar 29-April 01, 2022","Edinburgh, UK"
ICDE,IEEE International Conference on Data Engineering,DB,A,icde,2021,icde21,https://icde2021.gr/,,2020-10-01 23:59:59,AoE,"April 19-22, 2021",Virtual
ICDE,IEEE International Conference on Data Engineering,DB,A,icde,2022,icde22,https://icde2022.ieeecomputer.my/important-dates/,,2021-07-21 23:59:59,UTC-8,"May 9-12, 2022","Kuala Lumpur, Malaysia"
ICDE,IEEE International Conference on Data Engineering,DB,A,icde,2023,icde23,https://icde2023.ics.uci.edu/,,2022-04-25 23:59:59,UTC-8,"April 3-7, 2023","Anaheim, California, USA"
ICDE,IEEE International Conference on Data Engineering,DB,A,icde,2024,icde24,https://icde2024.github.io/,,2023-07-28 23:59:59,AoE,"April 16-19, 2024","Utrecht, Netherlands"
RecSys,ACM Conference on Recommender Systems,DB,B,recsys,2023,recsys23,https://recsys.acm.org/recsys23,2023-04-14 23:59:59,2023-04-21 23:59:59,AoE,"September 18-22, 2023",Singapore
RecSys,ACM Conference on Recommender Systems,DB,B,recsys,2024,recsys24,https://recsys.acm.org/recsys24,2024-04-22 23:59:59,2024-04-29 23:59:59,AoE,"October 14-18, 2024","Bari, Italy"
ISWC,International Semantic Web Conference,DB,B,semweb,2022,iswc22,https://iswc2022.semanticweb.org/,,2022-04-28 23:59:59,AoE,"October 23-27, 2022","Hangzhou, China"
CIKM,ACM International Conference on Information and Knowledge Management,DB,B,cikm,2020,cikm20,https://www.cikm2020.org/,,2020-05-01 23:59:59,UTC-12,"October 19-23, 2021","Galway, Ireland"
CIKM,ACM International Conference on Information and Knowledge Management,DB,B,cikm,2021,cikm21,https://www.cikm2021.org/,,2021-05-26 23:59:59,AoE,"November 01-05, 2021","Queensland, Australia"
CIKM,ACM International Conference on Information and Knowledge Management,DB,B,cikm,2022,cikm22,https://www.cikm2022.org/,2022-05-12 23:59:59,2022-05-19 23:59:59,AoE,"October 17-22, 2022","Atlanta, Georgia, USA"
CIKM,ACM International Conference on Information and Knowledge Management,DB,B,cikm,2023,cikm23,https://uobevents.eventsair.com/cikm2023/,2023-05-26 23:59:59,2023-06-02 23:59:59,AoE,"October 21-25, 2023","Birmingham, UK"
CIKM,ACM International Conference on Information and Knowledge Management,DB,B,cikm,2024,cikm24,https://cikm2024.org/,2024-05-13 23:59:59,2024-05-20 23:59:59,AoE,"October 21-25, 2024","Boise, Idaho, USA"
ADMA,The International Conference on Advanced Data Mining and Applications,DB,C,adma,2023,adma23,https://adma2023.uqcloud.net/index.html,2023-04-08 23:59:59,2023-04-15 23:59:59,UTC-7,"August 21 - 23, 2023","Shenyang, China"
ADMA,The International Conference on Advanced Data Mining and Applications,DB,C,adma,2024,adma24,https://adma2024.github.io,,2024-06-01 23:59:59,AoE,"December 3 - 5, 2024","Sydney, Australia"
WSDM,International Conference on Web Search and Data Mining,DB,B,wsdm,2022,wsdm22,https://www.wsdm-conference.org/2022/,,2021-08-09 23:59:59,UTC-12,"February 21-25, 2022","Phoenix, Arizona, USA"
WSDM,International Conference on Web Search and Data Mining,DB,B,wsdm,2023,wsdm23,https://www.wsdm-conference.org/2023/,,2022-08-12 23:59:59,UTC-12,"February 27 - March 3, 2023",Singapore
WSDM,International Conference on Web Search and Data Mining,DB,B,wsdm,2024,wsdm24,https://www.wsdm-conference.org/2024/,,2023-08-10 23:59:59,UTC-12,"March 4 - March 8, 2024","Mérida, México"
WSDM,International Conference on Web Search and Data Mining,DB,B,wsdm,2025,wsdm25,https://www.wsdm-conference.org/2025/,,2024-08-14 23:59:59,UTC-12,"March 10 - March 14, 2025","Hannover, Germany"
SIGKDD,ACM Knowledge Discovery and Data Mining,DB,A,kdd,2021,sigkdd21,https://www.kdd.org/kdd2021/,,2021-02-08 23:59:59,AoE,"August 14-18, 2021",Singapore
SIGKDD,ACM Knowledge Discovery and Data Mining,DB,A,kdd,2022,sigkdd22,https://www.kdd.org/kdd2022/,,2022-02-10 23:59:59,AoE,"August 14-18, 2022","Washington DC Convention Center, USA"
SIGKDD,ACM Knowledge Discovery and Data Mining,DB,A,kdd,2023,sigkdd23,https://kdd.org/kdd2023/,,2023-02-02 23:59:59,AoE,"August 6-10, 2023","Long Beach Convention & Entertainment Center, USA"
SIGKDD,ACM Knowledge Discovery and Data Mining,DB,A,kdd,2024,sigkdd24,https://kdd2024.kdd.org/research-track-call-for-papers/,2024-02-01 23:59:59,2024-02-08 23:59:59,AoE,"August 25-29, 2024","Barcelona, Spain"
SIGKDD,ACM Knowledge Discovery and Data Mining,DB,A,kdd,2025,sigkdd25,https://kdd2024.kdd.org/research-track-call-for-papers/,2024-08-01 23:59:59,2024-08-08 23:59:59,AoE,"TBD, 2025",TBD
SDM,SIAM International Conference on Data Mining,DB,B,sdm,2024,sdm2024,https://www.siam.org/conferences/cm/conference/sdm24,,2023-09-16 15:00:00,UTC-8,"April 18-20, 2024","Houston, TX, USA"
DASFAA,Database Systems for Advanced Applications,DB,B,dasfaa,2021,dasfaa21,http://dm.iis.sinica.edu.tw/DASFAA2021/,,2020-10-28 23:59:59,UTC-7,"April 11-14, 2021","Taipei, China"
DASFAA,Database Systems for Advanced Applications,DB,B,dasfaa,2022,dasfaa22,https://www.dasfaa2022.org/,2021-10-28 23:59:59,2021-11-04 23:59:59,AoE,"April 11-14, 2022","Hyderabad, India"
DASFAA,Database Systems for Advanced Applications,DB,B,dasfaa,2023,dasfaa23,http://www.tjudb.cn/dasfaa2023/,2022-10-28 23:59:59,2022-11-04 23:59:59,AoE,"April 17-20, 2023","Tianjin, China"
DASFAA,Database Systems for Advanced Applications,DB,B,dasfaa,2024,dasfaa24,https://www.dasfaa2024.org/,2023-12-15 23:59:59,2023-12-22 23:59:59,AoE,"July 3-5, 2024","Gifu, Japan"
CIDR,International Conference on Innovative Data Systems Research,DB,B,cidr,2024,cidr24,https://www.cidrdb.org/cidr2024/,,2023-07-27 23:59:59,UTC-8,"Jan 14 - Jan 17, 2024","Chaminade, USA"
VLDB,International Conference on Very Large Data Bases,DB,A,vldb,2021,vldb21,http://www.vldb.org/2021/,,2020-04-01 17:00:00,UTC-7,"August 16-20, 2021","Copenhagen, Denmark"
VLDB,International Conference on Very Large Data Bases,DB,A,vldb,2022,vldb22,http://www.vldb.org/2022/,,2021-04-01 17:00:00,UTC-7,"September 05-09, 2022","Sydney, Australia"
VLDB,International Conference on Very Large Data Bases,DB,A,vldb,2023,vldb23,http://www.vldb.org/2023/,,2022-04-01 17:00:00,UTC-7,"August 28 - September 01, 2023","Vancouver, Canada"
VLDB,International Conference on Very Large Data Bases,DB,A,vldb,2024,vldb24,http://www.vldb.org/2024/,,2023-04-01 17:00:00,UTC-7,"August 25-29, 2024","Guangzhou, China (and hybrid)"
ECML-PKDD,European Conference on Machine Learning and 25th Principles and Practice of Knowledge Discovery in Databases,DB,B,pkdd,2021,ecmlpkdd21,https://2021.ecmlpkdd.org/,2021-03-26 23:59:59,2021-04-02 23:59:59,AoE,"September 13-17, 2021",Virtual
ECML-PKDD,European Conference on Machine Learning and 25th Principles and Practice of Knowledge Discovery in Databases,DB,B,pkdd,2022,ecmlpkdd22,https://2022.ecmlpkdd.org/index.php/key-dates-deadlines/,2022-03-30 23:59:59,2022-04-06 23:59:59,AoE,"September 19-23, 2022","Grenoble, France"
ECML-PKDD,European Conference on Machine Learning and 25th Principles and Practice of Knowledge Discovery in Databases,DB,B,pkdd,2023,ecmlpkdd23,https://2023.ecmlpkdd.org/submissions/key-dates-deadlines/,2023-03-26 23:59:59,2023-04-02 23:59:59,AoE,"September 18-22, 2023","Turin, Italy"
ECML-PKDD,European Conference on Machine Learning and 25th Principles and Practice of Knowledge Discovery in Databases,DB,B,pkdd,2024,ecmlpkdd2024,https://2024.ecmlpkdd.org/submissions/key-dates-and-deadlines/,2024-03-15 23:59:59,2024-03-22 23:59:59,AoE,"September 9-13, 2024","Vilnius, Lithuania"
ICDM,IEEE International Conference on Data Mining,DB,B,icdm,2021,icdm21,https://icdm2021.auckland.ac.nz/,,2021-06-12 14:59:00,UTC+8,"December 7-10, 2021","Auckland, New Zealand"
ICDM,IEEE International Conference on Data Mining,DB,B,icdm,2022,icdm22,https://icdm22.cse.usf.edu/key-dates.html,,2022-06-10 23:59:00,UTC-7,November 30 - December 3,"Orlando, FL, USA"
ICDM,IEEE International Conference on Data Mining,DB,B,icdm,2023,icdm23,http://cloud-conf.net/icdm2023/index.html,,2023-07-01 23:59:59,UTC+8,"December 1-4, 2023","Shanghai, China"
ICDM,IEEE International Conference on Data Mining,DB,B,icdm,2024,icdm2024,http://18.133.154.107/dates/,,2024-07-01 23:59:59,AoE,"December 9-12, 2024","Abu Dhabi,UAE"
SIGMOD,ACM Conference on Management of Data,DB,A,sigmod,2021,sigmod21,http://2021.sigmod.org/,,2020-09-22 17:00:00,UTC-8,"June 20-25, 2021","Xi'an, China"
SIGMOD,ACM Conference on Management of Data,DB,A,sigmod,2022,sigmod22,http://2022.sigmod.org/,,2021-07-02 17:00:00,UTC-8,"June 12-17, 2022","Philadelphia, PA, USA"
SIGMOD,ACM Conference on Management of Data,DB,A,sigmod,2023,sigmod23,http://2023.sigmod.org/,,2022-04-15 23:59:00,UTC-8,"June 18-23, 2022","Seattle, WA, USA"
SIGMOD,ACM Conference on Management of Data,DB,A,sigmod,2024,sigmod24,http://2024.sigmod.org/,,2023-01-15 23:59:00,UTC-7,"June 11-16, 2024","Santiago, Chile"
SIGMOD,ACM Conference on Management of Data,DB,A,sigmod,2025,sigmod25,https://2025.sigmod.org/,2024-01-10 23:59:00,2024-01-17 23:59:00,AoE,"unknown, 2025","Berlin, Germany"
UbiComp/ISWC,ACM International Joint Conference on Pervasive and Ubiquitous Computing,HI,A,huc,2024,huc24,https://www.ubicomp.org/ubicomp-iswc-2024,,2024-02-01 23:59:59,AoE,"October 5-9, 2024","Melbourne, Australia"
UbiComp/ISWC,ACM International Joint Conference on Pervasive and Ubiquitous Computing,HI,A,huc,2023,huc23,https://www.ubicomp.org/ubicomp-iswc-2023,,2023-02-15 23:59:59,UTC-5,"October 8-12, 2023","Cancún, Mexico"
CHI,ACM Conference on Human Factors in Computing Systems,HI,A,chi,2024,chi24,http://chi2024.acm.org/,2023-09-07 23:59:59,2023-09-14 23:59:59,AoE,"May 11 - May 16, 2024","Honolulu, Hawaii, USA"
CSCWD,International Conference on Computer Supported Cooperative Work in Design,HI,C,cscwd,2022,cscwd22,http://8.131.80.51/cscwd2022/index.html,,2021-11-30 23:59:59,AoE,"May 4-6, 2022","Hangzhou, China"
CSCWD,International Conference on Computer Supported Cooperative Work in Design,HI,C,cscwd,2023,cscwd23,http://2023.cscwd.org,,2022-10-31 23:59:59,AoE,"May 24-26, 2023","Rio de Janeiro, Brazil"
UIST,ACM Symposium on User Interface Software and Technology,HI,A,uist,2024,uist2024,https://uist.acm.org/2024,,2024-03-27 17:00:00,UTC-8,"October 13-16, 2024","Pittsburgh, Pennsylvania, USA"
CSCW,ACM Conference on Computer Supported Cooperative Work and Social Computing,HI,A,cscw,2021,cscw21,https://cscw.acm.org/2021/,,2021-04-15 23:59:59,AoE,TBD,Virtual
CSCW,ACM Conference on Computer Supported Cooperative Work and Social Computing,HI,A,cscw,2022,cscw22,https://cscw.acm.org/2022/,,2022-01-15 23:59:59,AoE,"January 1, 2022",Taiwan
CSCW,ACM Conference on Computer Supported Cooperative Work and Social Computing,HI,A,cscw,2023,cscw23,https://cscw.acm.org/2023/,,2023-06-01 23:59:59,AoE,"October 14-18, 2023","Minneapolis, MN, USA"
CSCW,ACM Conference on Computer Supported Cooperative Work and Social Computing,HI,A,cscw,2024,cscw24,https://cscw.acm.org/2024/,,2024-01-16 23:59:59,AoE,"November 9-13, 2024","San José, Costa Rica"
IUI,ACM Conference on Intelligent User Interfaces,HI,B,iui,2024,iui24,https://iui.acm.org/2024/,2023-10-02 23:59:59,2023-10-09 23:59:59,AoE,"March 18 - March 21, 2024","Greenville, South Carolina USA"
ICNP,IEEE International Conference on Network Protocols,NW,B,icnp,2022,icnp22,https://icnp22.cs.ucr.edu/index.html,2022-05-19 20:00:00,2022-05-26 20:00:00,UTC-4,"October 30-November 2, 2022","Lexington, Kentucky, USA"
ICNP,IEEE International Conference on Network Protocols,NW,B,icnp,2023,icnp23,https://icnp23.cs.ucr.edu/index.html,2023-05-24 20:00:00,2023-05-31 20:00:00,UTC-4,"October 10-13, 2023","Reykjavik, Iceland"
ICNP,IEEE International Conference on Network Protocols,NW,B,icnp,2024,icnp24,https://icnp24.cs.ucr.edu/index.html,2024-05-17 23:59:59,2024-05-24 23:59:59,AoE,"October 28-31, 2024","Charleroi, Belgium"
APNet,Asia-Pacific Workshop on Networking,NW,C,apnet,2024,apnet24,https://conferences.sigcomm.org/events/apnet2024/,2024-03-08 23:59:59,2024-03-15 23:59:59,UTC-12,"August 3-4, 2024","Sydney, Australia, co-located with SIGCOMM'24"
INFOCOM,IEEE International Conference on Computer Communications,NW,A,infocom,2021,infocom21,https://infocom2021.ieee-infocom.org/,2020-08-08 23:59:59,2020-08-15 23:59:59,UTC-4,"May 10-13, 2021",Virtual
INFOCOM,IEEE International Conference on Computer Communications,NW,A,infocom,2022,infocom22,https://infocom2022.ieee-infocom.org/,2021-07-24 23:59:59,2021-07-31 23:59:59,UTC-4,"May 2-5, 2022",Virtual
INFOCOM,IEEE International Conference on Computer Communications,NW,A,infocom,2023,infocom23,https://infocom2023.ieee-infocom.org/,2022-07-25 23:59:59,2022-08-01 23:59:59,UTC-4,"May 17-20, 2023","New York, USA"
INFOCOM,IEEE International Conference on Computer Communications,NW,A,infocom,2024,infocom24,https://infocom2024.ieee-infocom.org/,2023-07-24 23:59:59,2023-07-31 23:59:59,AoE,"May 20-23, 2024","Vancouver, Canada"
FORTE,International Conference on Formal Techniques for (Networked and) Distributed Systems,NW,C,forte,2024,forte24,https://www.discotec.org/2024/forte,2024-02-02 23:59:59,2024-02-09 23:59:59,AoE,"June 17-21, 2024","Groningen, The Netherlands"
MobiCom,ACM Annual International Conference On Mobile Computing And Networking,NW,A,mobicom,2022,mobicom22,https://www.sigmobile.org/mobicom/2022/,2021-08-13 23:59:59,2021-08-20 23:59:59,UTC-7,TBD,TBD
MobiCom,ACM Annual International Conference On Mobile Computing And Networking,NW,A,mobicom,2023,mobicom23,https://www.sigmobile.org/mobicom/2023/,2023-03-10 23:59:59,2023-03-17 23:59:59,UTC-7,"Oct 2-6, 2023","Madrid, Spain"
MobiCom,ACM Annual International Conference On Mobile Computing And Networking,NW,A,mobicom,2024,mobicom24,https://www.sigmobile.org/mobicom/2024/,2023-08-18 23:59:59,2023-08-25 23:59:59,UTC-12,"October, 2024","Washington, D.C., USA"
NSDI,USENIX Symposium on Networked Systems Design and Implementation,NW,A,nsdi,2022,nsdi22,https://www.usenix.org/conference/nsdi22/,2021-03-04 20:59:59,2021-03-10 20:59:59,UTC-8,"April 4-6, 2022","RENTON, USA"
NSDI,USENIX Symposium on Networked Systems Design and Implementation,NW,A,nsdi,2023,nsdi23,https://www.usenix.org/conference/nsdi23/,2022-04-13 23:59:59,2022-04-20 23:59:59,UTC-5,"April 17-19, 2023","BOSTON, USA"
NSDI,USENIX Symposium on Networked Systems Design and Implementation,NW,A,nsdi,2024,nsdi24,https://www.usenix.org/conference/nsdi24/,2023-04-27 20:59:59,2023-05-04 20:59:59,UTC-7,"April 16-18, 2024","Santa Clara, CA, USA"
NSDI,USENIX Symposium on Networked Systems Design and Implementation,NW,A,nsdi,2025,nsdi25,https://www.usenix.org/conference/nsdi25,2024-04-30 23:59:59,2024-05-07 23:59:59,UTC-5,"April 28-30, 2025","Philadelphia, PA, USA"
CoNEXT,ACM International Conference on Emerging Networking Experiments and Technologies,NW,B,conext,2024,conext24,https://conferences.sigcomm.org/co-next/2024/#!/home,2023-11-27 23:59:59,2023-12-04 23:59:59,AoE,TBD,TBD
MobiHoc,International Symposium on Mobile Ad Hoc Networking and Computing,NW,B,mobihoc,2022,mobihoc22,https://www.sigmobile.org/mobihoc/2022/,2022-02-25 23:59:59,2022-03-04 23:59:59,UTC-12,"October 17-22, 2022","Seoul, South Korea"
GLOBECOM,IEEE Global Communications Conference,NW,C,globecom,2023,globecom23,https://globecom2023.ieee-globecom.org/,,2023-04-15 23:59:59,UTC-4,"December 4-8, 2023","Kuala Lumpur, Malaysia"
MobiSys,"ACM International Conference on Mobile Systems, Applications, and Services",NW,B,mobisys,2022,mobisys22,https://www.sigmobile.org/mobisys/2022/,2021-12-13 23:59:59,2021-12-20 23:59:59,UTC-12,TBD,TBD
SIGCOMM,"ACM International Conference on Applications, Technologies, Architectures, and Protocols for Computer Communication",NW,A,sigcomm,2021,sigcomm21,http://conferences.sigcomm.org/sigcomm/2021/,2021-01-20 16:59:59,2021-01-27 16:59:59,UTC-5,"August 23-27, 2021",Virtual
SIGCOMM,"ACM International Conference on Applications, Technologies, Architectures, and Protocols for Computer Communication",NW,A,sigcomm,2022,sigcomm22,https://conferences.sigcomm.org/sigcomm/2022/,2022-01-26 23:59:59,2022-02-02 23:59:59,UTC,"August 22-26, 2022","Amsterdam, Netherlands"
SIGCOMM,"ACM International Conference on Applications, Technologies, Architectures, and Protocols for Computer Communication",NW,A,sigcomm,2023,sigcomm23,https://conferences.sigcomm.org/sigcomm/2023/,2023-02-08 23:59:59,2023-02-15 23:59:59,UTC,"September 10-14, 2023","New York City, US"
SIGCOMM,"ACM International Conference on Applications, Technologies, Architectures, and Protocols for Computer Communication",NW,A,sigcomm,2024,sigcomm24,https://conferences.sigcomm.org/sigcomm/2024/,2024-01-26 23:59:59,2024-02-02 23:59:59,UTC,"August 4 - 8, 2024","Sydney, Australia"
IPSN,ACM/IEEE International Conference on Information Processing in Sensor Networks,NW,B,ipsn,2022,ipsn22,https://ipsn.acm.org/2022/,2021-10-22 23:59:59,2021-10-29 23:59:59,UTC-12,"May 4-6, 2022","Milan, Italy"
IWQoS,IEEE/ACM International Symposium on Quality of Service,NW,B,iwqos,2022,iwqos22,https://iwqos2022.ieee-iwqos.org/,2022-02-01 23:59:59,2022-02-07 23:59:59,UTC-12,"June 10-12, 2022",Virtual
IWQoS,IEEE/ACM International Symposium on Quality of Service,NW,B,iwqos,2023,iwqos23,https://iwqos2023.ieee-iwqos.org/,2023-01-29 23:59:59,2023-02-07 23:59:59,UTC-12,"June 19-21, 2023","Orlando, FL, USA"
IMC,ACM Internet Measurement Conference,NW,B,imc,2024,imc24,https://conferences.sigcomm.org/imc/2024/,2024-05-08 23:59:59,2024-05-15 23:59:59,AoE,"Nov 4-6, 2024","Madrid, Spain"
ECOOP,European Conference on Object-Oriented Programming,SE,B,ecoop,2022,ecoop22,https://2022.ecoop.org/,,2021-12-01 23:59:59,AoE,"June 6-10, 2022","Berlin, Germany"
ESEC/FSE,ACM Joint European Software Engineering Conference and Symposium on the Foundations of Software Engineering,SE,A,sigsoft,2022,fse22,https://2022.esec-fse.org/,,2022-03-10 23:59:59,AoE,"November 14-18, 2022",Singapore
ESEC/FSE,ACM Joint European Software Engineering Conference and Symposium on the Foundations of Software Engineering,SE,A,sigsoft,2023,fse23,https://2023.esec-fse.org/,,2023-01-26 23:59:59,AoE,"November 11-17, 2023",United States
ESEC/FSE,ACM Joint European Software Engineering Conference and Symposium on the Foundations of Software Engineering,SE,A,sigsoft,2024,fse24,https://2024.esec-fse.org/,2023-09-21 23:59:59,2023-09-28 23:59:59,AoE,"July 15-19, 2024","Porto de Galinas, Brazil"
ISSRE,International Symposium on Software Reliability Engineering,SE,B,issre,2023,issre23,https://issre.github.io/2023/index.html,,2023-05-22 23:59:59,AoE,"October 9-12, 2023","Florence, Italy"
ISSRE,International Symposium on Software Reliability Engineering,SE,B,issre,2024,issre24,https://issre.github.io/2024/index.html,2024-05-03 23:59:59,2024-05-10 23:59:59,AoE,"October 28-31, 2024","Tsukuba, Japan"
MoDELS,International Conference on Model Driven Engineering Languages and Systems,SE,B,models,2022,models22,https://conf.researchr.org/home/models-2022,,TBD,AoE,"October 16-21, 2022","Montréal, Canada"
ETAPS,European Joint Conferences on Theory and Practice of Software,SE,B,etaps,2022,etaps22,https://etaps.org/2022/,,2021-10-14 23:59:59,AoE,"April 2-7, 2022","Munich, Germany"
SAS,International Static Analysis Symposium,SE,B,sas,2022,sas22,https://2022.splashcon.org/home/sas-2022,,TBD,AoE,"November 14-19, 2022","Auckland, New Zealand"
POPL,ACM SIGPLAN-SIGACT Symposium on Principles of Programming Languages,SE,A,popl,2022,popl22,https://popl22.sigplan.org/,,2021-07-08 23:59:59,AoE,"January 16-22, 2022",Westin Philadelphia
POPL,ACM SIGPLAN-SIGACT Symposium on Principles of Programming Languages,SE,A,popl,2023,popl23,https://popl23.sigplan.org/,,2022-07-07 23:59:59,AoE,"January 15-21, 2023","Boston, Massachusetts, United States"
POPL,ACM SIGPLAN-SIGACT Symposium on Principles of Programming Languages,SE,A,popl,2024,popl24,https://popl24.sigplan.org/,,2023-07-11 23:59:59,AoE,"January 17-19, 2024","London, United Kingdom"
ISSTA,ACM SIGSOFT International Symposium on Software Testing and Analysis,SE,A,sigsoft,2022,issta22,https://conf.researchr.org/home/issta-2022,,2022-01-28 23:59:59,AoE,"July 18-22, 2022","Daejeon, South Korea"
ISSTA,ACM SIGSOFT International Symposium on Software Testing and Analysis,SE,A,sigsoft,2023,issta23,https://conf.researchr.org/home/issta-2023,,2022-11-10 23:59:59,AoE,"July 17-21, 2023","Seattle, United States"
ISSTA,ACM SIGSOFT International Symposium on Software Testing and Analysis,SE,A,sigsoft,2024,issta24,https://conf.researchr.org/home/issta-2024,,2023-12-15 23:59:59,AoE,"September 16-20, 2024","Vienna, Austria"
ISPASS,International Symposium on Performance Analysis of Systems and Software,SE,C,ispass,2024,ispass24,https://ispass.org/ispass2024/,,2023-12-08 23:59:59,AoE,"May 5-7, 2024","Indianapolis, Indiana"
ICSE,International Conference on Software Engineering,SE,A,icse,2022,icse22,https://conf.researchr.org/home/icse-2022,2021-08-27 23:59:59,2021-09-03 23:59:59,AoE,"May 21-29, 2022","Pittsburgh, PA, USA"
ICSE,International Conference on Software Engineering,SE,A,icse,2023,icse23,https://conf.researchr.org/home/icse-2023,,2022-09-01 23:59:59,AoE,"May 14-20, 2023","Melbourne, Australia"
ICSE,International Conference on Software Engineering,SE,A,icse,2024,icse24,https://conf.researchr.org/home/icse-2024,,2023-03-29 23:59:59,AoE,"April 12-21, 2024","Lisbon, Portugal"
ICSE,International Conference on Software Engineering,SE,A,icse,2025,icse25,https://conf.researchr.org/home/icse-2025,2024-03-15 23:59:59,2024-03-22 23:59:59,AoE,"April 26- May 04, 2025","Ottawa, Ontario, Canada"
VMCAI,"International Conference on Verification, Model Checking, and Abstract Interpretation",SE,B,vmcai,2022,vmcai22,https://popl22.sigplan.org/home/VMCAI-2022,,2021-09-09 23:59:59,AoE,"January 16-28, 2022","Philadelphia, Pennsylvania, United States"
CP,International Conference on Principles and Practice of Constraint Programming,SE,B,cp,2022,cp22,https://cp2022.a4cp.org/,,2022-02-25 23:59:59,AoE,"July 31-August 8, 2022","HAIFA, ISRAEL"
SOSP,ACM Symposium on Operating Systems Principles,SE,A,sosp,2021,sosp21,https://sosp2021.mpi-sws.org/,,2021-05-07 14:59:59,UTC-8,"October 25-28, 2021",Virtual
SOSP,ACM Symposium on Operating Systems Principles,SE,A,sosp,2023,sosp23,https://sosp2023.mpi-sws.org/,,2023-04-10 23:59:59,UTC-4,"October 23 - 26, 2023","Koblenz, Germany"
SOSP,ACM Symposium on Operating Systems Principles,SE,A,sosp,2024,sosp24,https://sigops.org/s/conferences/sosp/2024/index.html,2024-04-12 23:59:59,2024-04-19 23:59:59,UTC-8,"November 4 - 6, 2024","Hilton Austin, Texas, USA"
SANER,"IEEE International Conference on Software Analysis, Evolution and Reengineering",SE,B,wcre,2022,saner2022,https://saner2022.uom.gr/,,2021-10-14 23:59:59,AoE,"March 15-18, 2022","University of Hawaii in Honolulu, Hawaii"
SANER,"IEEE International Conference on Software Analysis, Evolution and Reengineering",SE,B,wcre,2024,saner2024,https://conf.researchr.org/home/saner-2024,2023-10-13 23:59:59,2023-10-29 23:59:59,AoE,"March 12-15, 2024","Rovaniemi, Finland"
ICSME,International Conference on Software Maintenance and Evolution,SE,B,icsm,2022,icsme22,https://cyprusconferences.org/icsme2022/,2022-03-25 23:59:59,2022-04-01 23:59:59,AoE,"October 03-07, 2022","Limassol, Cyprus"
ICSME,International Conference on Software Maintenance and Evolution,SE,B,icsm,2023,icsme23,https://conf.researchr.org/home/icsme-2023,2023-04-20 23:59:59,2023-04-27 23:59:59,AoE,"October 01-06, 2023","Bogota, Colombia"
ICSME,International Conference on Software Maintenance and Evolution,SE,B,icsm,2024,icsme24,https://conf.researchr.org/home/icsme-2024,2024-04-04 23:59:59,2024-04-11 23:59:59,AoE,"October 06-11, 2024","Flagstaff, Arizona, USA"
RE,IEEE International Requirements Engineering Conference,SE,B,re,2022,re22,https://conf.researchr.org/home/RE-2022,,2022-02-17 23:59:59,AoE,"August 15-19, 2022","Melbourne, Australia"
RE,IEEE International Requirements Engineering Conference,SE,B,re,2023,re23,https://conf.researchr.org/dates/RE-2023,2023-03-10 23:59:59,2023-03-17 23:59:59,AoE,"September 4-8, 2023","Hannover, Germany"
ICFP,International Conference on Function Programming,SE,B,icfp,2022,icfp22,https://icfp22.sigplan.org/,,2021-03-02 23:59:59,AoE,"September 11-16, 2022","Ljubljana, Slovenia"
OSDI,USENIX Symposium on Operating Systems Design and Implementation,SE,A,osdi,2022,osdi2022,https://www.usenix.org/conference/osdi22,,2021-12-14 23:59:59,AoE,"July 11-13, 2022","Omni La Costa Resort & Spa in Carlsbad, CA, USA"
OSDI,USENIX Symposium on Operating Systems Design and Implementation,SE,A,osdi,2023,osdi2023,https://www.usenix.org/conference/osdi23,,2022-12-06 22:59:59,UTC,"July 10-12, 2023","Boston, MA, USA"
OSDI,USENIX Symposium on Operating Systems Design and Implementation,SE,A,osdi,2024,osdi2024,https://www.usenix.org/conference/osdi24,2023-11-30 22:59:59,2023-12-07 22:59:59,UTC,"July 10-12, 2024","Santa Clara, CA, USA"
MSR,International Conference on Mining Software Repositories,SE,C,msr,2024,msr24,https://conf.researchr.org/home/msr-2024,2023-11-14 23:59:59,2023-11-17 23:59:59,AoE,"April 15-16, 2024","Lisbon, Portugal"
QRS,"IEEE International Conference on Software Quality, Reliability and Security",SE,C,qrs,2021,qrs21,https://qrs21.techconf.org/,2021-08-15 23:59:59,2021-08-22 23:59:59,AoE,"December 6-10, 2021","Hainan Island, China"
PLDI,ACM SIGPLAN Conference on Programming Language Design & Implementation,SE,A,pldi,2021,pldi21,https://pldi21.sigplan.org/,,2020-11-20 23:59:59,AoE,"June 23-25, 2021",Virtual
PLDI,ACM SIGPLAN Conference on Programming Language Design & Implementation,SE,A,pldi,2022,pldi22,https://pldi22.sigplan.org/,,2021-11-19 23:59:59,AoE,"June 20-24, 2022","San Diego, California, United States"
PLDI,ACM SIGPLAN Conference on Programming Language Design & Implementation,SE,A,pldi,2023,pldi23,https://pldi23.sigplan.org/,,2022-11-10 23:59:59,AoE,"June 19-21, 2023","Orlando, Florida, United States"
PLDI,ACM SIGPLAN Conference on Programming Language Design & Implementation,SE,A,pldi,2024,pldi24,https://pldi24.sigplan.org/,,2023-11-16 23:59:59,AoE,"June 24-28, 2024","Copenhagen, Denmark"
ICECCS,International Conference on Engineering of Complex Computer Systems,SE,C,iceccs,2024,iceccs24,https://cyprusconferences.org/iceccs2024/,,2023-12-29 23:59:59,AoE,"June 19-21, 2024","Limassol, Cyprus"
TASE,Theoretical Aspects of Software Engineering,SE,C,tase,2024,tase24,https://tase2024.github.io/index.html,2024-02-17 23:59:59,2024-02-24 23:59:59,AoE,"July 29-August 1, 2024","Guiyang, China"
ASE,International Conference on Automated Software Engineering,SE,A,kbse,2022,ase22,https://conf.researchr.org/home/ase-2022,,2022-04-29 23:59:59,AoE,"September 26- October 01, 2022","Ann Arbor, Michigan, United States"
ASE,International Conference on Automated Software Engineering,SE,A,kbse,2023,ase23,https://conf.researchr.org/home/ase-2023,2023-04-28 23:59:59,2023-05-05 23:59:59,AoE,"September 11-15, 2023","Kirchberg, Luxembourg"
ASE,International Conference on Automated Software Engineering,SE,A,kbse,2024,ase24,https://conf.researchr.org/home/ase-2024,2024-05-31 23:59:59,2024-06-07 23:59:59,AoE,"October 27- November 01, 2024","Sacramento, California, United States"
ESEM,International Symposium on Empirical Software Engineering and Measurement,SE,B,esem,2022,esem22,https://conf.researchr.org/home/esem-2022,,2022-04-25 23:59:59,AoE,"September 19-23, 2022","Helsinki, Finland"
LCTES,"International Conference on Languages, Compilers and Tools for Embedded Systems",SE,B,lctrts,2021,lctes21,https://pldi21.sigplan.org/home/LCTES-2021,,2021-03-08 23:59:59,AoE,"June 20-26, 2021",Virtual
LCTES,"International Conference on Languages, Compilers and Tools for Embedded Systems",SE,B,lctrts,2023,lctes23,https://pldi23.sigplan.org/home/LCTES-2023,,2023-03-16 23:59:59,AoE,"June 17-21, 2023","Orlando, Florida, United States"
LCTES,"International Conference on Languages, Compilers and Tools for Embedded Systems",SE,B,lctrts,2024,lctes24,https://pldi24.sigplan.org/home/LCTES-2024,,2024-02-16 23:59:59,AoE,"June 24, 2024","Copenhagen, Denmark"
CAiSE,International Conference on Advanced Information Systems Engineering,SE,B,caise,2022,caise22,https://caise22.ugent.be/,,2021-11-22 23:59:59,AoE,"June 06-10, 2022",Leuven
SEKE,International Conference on Software Engineering and Knowledge Engineering,SE,C,seke,2023,seke23,https://ksiresearch.org/seke/seke23.html,,2023-03-01 23:59:59,UTC-5,"July 1-10, 2023","San Francisco Bay, USA and KSIR Virtual Conference Center, USA"
SEKE,International Conference on Software Engineering and Knowledge Engineering,SE,C,seke,2024,seke24,https://ksiresearch.org/seke/seke24.html,,2024-06-10 23:59:59,UTC-5,"October 28-November 5, 2024","Amalfi, Italy / Virtual venue"
Internetware,Asia-Pacific Symposium on Internetware,SE,C,internetware,2023,internetware23,https://conf.researchr.org/home/internetware-2023,2023-04-17 23:59:59,2023-04-22 23:59:59,UTC-12,"August 4-6, 2023","Hangzhou, China"
ICPC,IEEE International Conference on Program Comprehension,SE,B,icpc,2022,icpc22,https://conf.researchr.org/home/icpc-2022,2022-01-13 23:59:59,2022-01-18 23:59:59,AoE,"May 21-22, 2022","Pittsburgh, Pennsylvania, United States"
ICPC,IEEE International Conference on Program Comprehension,SE,B,icpc,2024,icpc24,https://conf.researchr.org/home/icpc-2024,2023-10-30 23:59:59,2023-11-03 23:59:59,AoE,"April 14-20, 2024","Lisbon, Portugal"
ICSOC,International Conference on Service Oriented Computing,SE,B,icsoc,2022,icsoc22,http://www.icsoc.org/,,2022-03-01 23:59:59,AoE,"May 26-27, 2022","Barcelona, Spain"
HotOS,USENIX Workshop on Hot Topics in Operating Systems,SE,B,hotos,2021,hotos21,https://www.usenix.org/conference/hotos15,,2021-02-03 23:59:59,AoE,"May 31-Jun 02, 2021",Virtual
OOPSLA,"Conference on Object-Oriented Programming Systems, Languages, and Applications",SE,A,oopsla,2022,oopsla22,https://2022.splashcon.org/track/splash-2022-oopsla,,2021-10-12 23:59:59,AoE,"November 14-19, 2022","Auckland, New Zealand"
OOPSLA,"Conference on Object-Oriented Programming Systems, Languages, and Applications",SE,A,oopsla,2023,oopsla23,https://2023.splashcon.org/track/splash-2023-oopsla,,2022-10-28 23:59:59,AoE,"October 22-27, 2023","Lisbon, Portugal"
OOPSLA,"Conference on Object-Oriented Programming Systems, Languages, and Applications",SE,A,oopsla,2024,oopsla24,https://2024.splashcon.org/track/splash-2024-oopsla,,2023-10-21 07:59:59,UTC-4,"October 20-25, 2024","Pasadena, United States"
Middleware,International Middleware Conference,SE,B,middleware,2022,middleware22,https://middleware-conf.github.io/2022/,,2021-11-20 23:59:59,AoE,"November 7-11, 2022","Fairmont Le Château Frontenac, Québec City, Québec, Canada"
ICWS,IEEE International Conference on Web Services (Research Track),SE,B,icws,2022,icws22,https://www.servicessociety.org/icws,,TBD,AoE,"December 10-14, 2022",TBD
ICWS,IEEE International Conference on Web Services (Research Track),SE,B,icws,2023,icws23,https://conferences.computer.org/icws/2023/,,2023-03-25 23:59:59,AoE,"July 2-8, 2023","CHICAGO, ILLINOIS USA"
FM,International Symposium on Formal Methods,SE,A,fm,2021,fm21,http://lcs.ios.ac.cn/fm2021/,,2021-04-30 23:59:59,AoE,"November 20-26, 2021","Beijng, China"
FM,International Symposium on Formal Methods,SE,A,fm,2024,fm24,https://www.fm24.polimi.it/,,2024-04-15 23:59:00,AoE,"September 09-13, 2024","Milan, Italy"
ICCAD,IEEE/ACM International Conference on Computer-Aided Design,DS,B,iccad,2022,iccad22,https://iccad.com/,,2022-05-16 23:59:59,UTC-12,"Oct 29 - Nov 3, 2022","San Diego, CA, USA"
ICCAD,IEEE/ACM International Conference on Computer-Aided Design,DS,B,iccad,2023,iccad23,https://iccad.com/,,2023-05-15 23:59:59,UTC-12,"Oct 29 - Nov 2, 2023","San Diego, CA, USA"
SoCC,ACM Symposium on Cloud Computing,DS,B,socc,2023,socc23,https://acmsocc.org/2023/,,2023-06-09 13:59:00,UTC-7,"October 30 - November 1, 2023","California, USA"
ICPP,International Conference on Parallel Processing,DS,B,icpp,2021,icpp21,https://oaciss.uoregon.edu/icpp21/,,2021-04-16 23:59:59,AoE,"August 9-12, 2021","Chicago, USA"
ICPP,International Conference on Parallel Processing,DS,B,icpp,2022,icpp22,https://icpp22.gitlabpages.inria.fr/,2022-04-08 23:59:59,2022-04-14 23:59:59,AoE,"August 29-Sept 12, 2022","Bordeaux, France"
ICPP,International Conference on Parallel Processing,DS,B,icpp,2023,icpp23,https://icpp23.sci.utah.edu/,,2023-04-14 23:59:59,AoE,"August 7-August 10, 2023","Salt Lake City, UTAH, USA"
ICPP,International Conference on Parallel Processing,DS,B,icpp,2024,icpp24,https://icpp2024.org/,2024-04-08 23:59:59,2024-04-15 23:59:59,AoE,"August 12-15, 2024","Gotland, Sweden"
ICDCS,IEEE International Conference on Distributed Computing Systems,DS,B,icdcs,2020,icdcs20,https://icdcs2020.sg/,2020-01-06 23:59:59,2020-01-13 23:59:59,UTC-7,"July 8-10, 2020",Singapore
ICDCS,IEEE International Conference on Distributed Computing Systems,DS,B,icdcs,2021,icdcs21,https://icdcs2021.us/,2021-01-06 23:59:59,2021-01-13 23:59:59,UTC-5,"July 7-10, 2021",Virtual
ICDCS,IEEE International Conference on Distributed Computing Systems,DS,B,icdcs,2022,icdcs22,https://icdcs2022.icdcs.org/,2022-01-24 23:59:59,2022-01-31 23:59:59,UTC-5,"July 10-13, 2022","Bologna, Italy"
ICDCS,IEEE International Conference on Distributed Computing Systems,DS,B,icdcs,2023,icdcs23,https://icdcs2023.icdcs.org/,2023-01-14 23:59:59,2023-01-21 23:59:59,UTC-5,"July 18-21, 2023","Hong Kong, China"
ICDCS,IEEE International Conference on Distributed Computing Systems,DS,B,icdcs,2024,icdcs24,https://icdcs2024.icdcs.org/,2024-01-12 23:59:59,2024-01-19 23:59:59,UTC-12,"July 16-19, 2024","New Jersey, USA"
FAST,USENIX Conference on File and Storage Technologies,DS,A,fast,2021,fast21,https://www.usenix.org/conference/fast21/,,2020-09-24 23:59:59,UTC-7,"Feburary 23-25, 2021",Virtual
FAST,USENIX Conference on File and Storage Technologies,DS,A,fast,2022,fast22,https://www.usenix.org/conference/fast22/,,2021-09-23 23:59:59,UTC-7,"Feburary 21-24, 2022","SANTA CLARA, CA, USA"
FAST,USENIX Conference on File and Storage Technologies,DS,A,fast,2023,fast23,https://www.usenix.org/conference/fast23,,2022-09-22 23:59:59,UTC-7,"FEBRUARY 20-23, 2023","SANTA CLARA, CA, USA"
FAST,USENIX Conference on File and Storage Technologies,DS,A,fast,2024,fast24,https://www.usenix.org/conference/fast24,,2023-09-21 23:59:59,UTC-7,"FEBRUARY 27-29, 2024","SANTA CLARA, CA, USA"
MSST,International Conference on Massive Storage Systems and Technology,DS,B,mss,2024,msst2024,https://storageconference.us/index.html,,2024-01-07 04:59:59,UTC,"June 3-7, 2024","Santa Clara, CA"
NETYS,The International Conference on Networked Systems,DS,N,netys,2024,netys2024,https://netys.net/,2024-02-29 23:59:00,2024-03-07 23:59:00,AoE,"May 29-31, 2024","Rabat, Morocco"
SC,"International Conference for High Performance Computing, Networking, Storage, and Analysis",DS,A,sc,2022,sc22,https://sc22.supercomputing.org/,,2022-04-01 23:59:00,AoE,"November 13-18, 2022","Dallas, Texas, USA"
SC,"International Conference for High Performance Computing, Networking, Storage, and Analysis",DS,A,sc,2023,sc23,https://sc23.supercomputing.org/,,2023-04-06 23:59:00,AoE,"November 12-17, 2023","DENVER, CO, USA"
SC,"International Conference for High Performance Computing, Networking, Storage, and Analysis",DS,A,sc,2024,sc24,https://sc24.supercomputing.org/,2024-03-26 23:59:59,2024-04-02 23:59:00,AoE,"November 17-22, 2024","ATLANTA, GA, USA"
EuroSys,European Conference on Computer Systems,DS,A,eurosys,2021,eurosys2021,https://2021.eurosys.org/,2020-10-01 23:59:59,2020-10-09 23:59:59,AoE,"April 26-29, 2021","Edinburgh, UK"
EuroSys,European Conference on Computer Systems,DS,A,eurosys,2022,eurosys2022,https://2022.eurosys.org/,2021-10-01 23:59:59,2021-10-09 23:59:59,AoE,"April 5-8, 2022","Rennes, France"
EuroSys,European Conference on Computer Systems,DS,A,eurosys,2023,eurosys2023,https://2023.eurosys.org/,2022-05-10 23:59:59,2022-05-17 23:59:59,AoE,"May 9-12, 2023","Rome, Italy"
EuroSys,European Conference on Computer Systems,DS,A,eurosys,2024,eurosys2024,https://www.eurosys.org/news/eurosys-2024,,2023-05-18 00:00:00,UTC,"April 23-26, 2024","Athens, Greece"
EuroSys,European Conference on Computer Systems,DS,A,eurosys,2025,eurosys2025,https://www.eurosys.org/news/eurosys-2025,2024-05-14 23:59:59,2024-05-21 23:59:59,AoE,"March-April, 2025","Rotterdam, The Netherlands."
ETS,IEEE European Test Symposium,DS,C,ets,2024,ets2024,https://ets24.ewi.tudelft.nl/,2023-12-08 23:59:59,2023-12-16 23:59:59,AoE,"May 20-24, 2024","The Hague, Netherlands"
RTAS,IEEE Real-Time and Embedded Technology and Applications Symposium,DS,B,rtas,2024,rtas2024,https://2024.rtas.org/,,2023-10-31 11:59:59,AoE,"May 13-16, 2024","Hong Kong, China"
HPCA,IEEE International Symposium on High-Performance Computer Architecture,DS,A,hpca,2022,hpca22,https://hpca-conf.org/2022/,,2021-07-23 23:59:59,UTC+0,"Feb 12-16, 2022","Seoul, South Korea"
HPCA,IEEE International Symposium on High-Performance Computer Architecture,DS,A,hpca,2023,hpca23,https://hpca-conf.org/2023/,,2022-07-25 23:59:59,UTC,"Feb 25-Mar 01, 2023","Montreal, QC, Canada"
HPCA,IEEE International Symposium on High-Performance Computer Architecture,DS,A,hpca,2024,hpca24,https://hpca-conf.org/2024/,,2023-07-28 23:59:59,UTC-7,"March 2-6, 2024","Edinburgh, Scotland, UK"
ICCD,International Conference on Computer Design,DS,B,iccd,2023,iccd23,https://www.iccd-conf.com/Call_for_papers.html,2023-06-09 23:59:00,2023-06-16 23:59:00,AoE,"November 6-8, 2023","Washington DC, USA"
FPGA,ACM/SIGDA International Symposium on Field-Programmable Gate Arrays,DS,B,fpga,2023,fpga2023,https://www.isfpga.org/,,2022-09-16 23:59:59,UTC-7,"February 12 - February 14, 2023","Monterey, California, USA"
FPGA,ACM/SIGDA International Symposium on Field-Programmable Gate Arrays,DS,B,fpga,2024,fpga2024,https://www.isfpga.org/,,2023-10-06 23:59:59,UTC-7,"March 3 - March 5, 2024","Monterey, California, USA"
PODC,ACM Symposium on Principles of Distributed Computing,DS,B,podc,2024,podc24,https://www.podc.org/podc2024,2024-02-11 23:59:59,2024-02-15 23:59:59,AoE,"June 17-21, 2024","Nantes, France"
ICS,ACM International Conference on Supercomputing,DS,B,ics,2024,ics24,https://ics2024.github.io/,2024-01-11 23:59:59,2024-01-18 23:59:59,AoE,"June 4-7, 2024","Kyoto University, Kyoto, Japan"
ASPLOS,International Conference on Architectural Support for Programming Languages and Operating Systems,DS,A,asplos,2021,asplos21,https://asplos-conference.org/,,2020-08-21 23:59:59,AoE,"April 19-23, 2021",Virtual
ASPLOS,International Conference on Architectural Support for Programming Languages and Operating Systems,DS,A,asplos,2022,asplos22,https://asplos-conference.org/,,2021-08-06 23:59:59,AoE,"Feb 28-March 4, 2022",Virtual
ASPLOS,International Conference on Architectural Support for Programming Languages and Operating Systems,DS,A,asplos,2023,asplos23,https://asplos-conference.org/asplos-2023-cfp/,,2022-03-24 17:59:59,UTC-4,"March 25-March 29, 2023","Vancouver, Canada"
ASPLOS,International Conference on Architectural Support for Programming Languages and Operating Systems,DS,A,asplos,2024,asplos24,https://asplos-conference.org/asplos-2024-call-for-papers/,,2023-04-14 02:59:59,UTC+8,"April, 2024","California, U.S.A."
ASPLOS,International Conference on Architectural Support for Programming Languages and Operating Systems,DS,A,asplos,2025,asplos25,https://www.asplos-conference.org/asplos-2025-call-for-papers/,2024-02-23 23:59:59,2024-03-01 23:59:59,AoE,"March-April, 2025","Rotterdam, Netherland."
PPoPP,ACM SIGPLAN Symposium on Principles & Practice of Parallel Programming,DS,A,ppopp,2021,ppopp21,https://ppopp21.sigplan.org/,2020-08-06 23:59:59,2020-08-13 23:59:59,AoE,"Feburary 27-Mar 3, 2021",Virtual
PPoPP,ACM SIGPLAN Symposium on Principles & Practice of Parallel Programming,DS,A,ppopp,2022,ppopp22,https://ppopp22.sigplan.org/,2021-08-09 23:59:59,2021-08-13 23:59:59,AoE,"Feburary 12-16, 2022","Seoul, S. Korea"
PPoPP,ACM SIGPLAN Symposium on Principles & Practice of Parallel Programming,DS,A,ppopp,2023,ppopp23,https://ppopp23.sigplan.org/,,2022-08-17 23:59:59,AoE,"Feburary 25-Mar 1, 2023","Montreal, Canada"
PPoPP,ACM SIGPLAN Symposium on Principles & Practice of Parallel Programming,DS,A,ppopp,2024,ppopp24,https://conf.researchr.org/home/ppopp-2024,,2023-08-04 23:59:59,AoE,"Mar 2-Mar 6, 2024","Edinburgh, United Kingdom"
ISCA,International Symposium on Computer Architecture,DS,A,isca,2022,isca22,https://www.iscaconf.org/isca2022/,,2021-11-16 23:59:59,AoE,"June 11-15, 2022","New York City, USA"
ISCA,International Symposium on Computer Architecture,DS,A,isca,2023,isca23,https://www.iscaconf.org/isca2023/,,2022-11-14 23:59:59,AoE,"June 17-23, 2023","Orlando, FL, USA"
ISCA,International Symposium on Computer Architecture,DS,A,isca,2024,isca24,https://iscaconf.org/isca2024/,,2023-11-14 23:59:59,AoE,"June 29-July 3, 2024","Buenos Aires, Argentina"
PACT,International Conference on Parallel Architectures and Compilation Techniques,DS,B,pact,2023,pact23,https://pact2023.github.io/,,2023-03-25 23:59:59,AoE,"October 21-October 25, 2023","Vienna, Austria"
Euro-Par,European Conference on Parallel and Distributed Computing,DS,B,europar,2023,euro-par23,https://2023.euro-par.org,2023-02-17 23:59:59,2023-02-24 23:59:59,AoE,"August 28-September 1, 2023","Limassol, Cyprus"
Euro-Par,European Conference on Parallel and Distributed Computing,DS,B,europar,2024,euro-par24,https://2024.euro-par.org,2024-03-15 23:59:59,2024-03-25 23:59:59,AoE,"August 28-30, 2023","Madrid, Spain"
MICRO,IEEE/ACM International Symposium on Microarchitecture,DS,A,micro,2021,micro21,https://www.microarch.org/micro54/,,2021-04-09 23:59:59,UTC-7,"Oct 18-22, 2021","Athens, Greece"
MICRO,IEEE/ACM International Symposium on Microarchitecture,DS,A,micro,2022,micro22,https://www.microarch.org/micro55/,,2022-04-14 11:59:59,UTC-7,"Oct, 2022","Chicago, Illinois, USA"
MICRO,IEEE/ACM International Symposium on Microarchitecture,DS,A,micro,2023,micro23,https://www.microarch.org/micro56/,,2023-04-21 11:59:59,UTC-7,"Oct, 2023","Toronto, Canada"
MICRO,IEEE/ACM International Symposium on Microarchitecture,DS,A,micro,2024,micro24,https://microarch.org/micro57/,,2024-04-11 11:59:59,UTC-5,"November 2-6, 2024","Austin, Texas, USA"
ICA3PP,International Conference on Algorithms and Architectures for Parallel Processing,DS,C,ica3pp,2022,ica3pp,https://ica3pp2022.compute.dtu.dk/,,2021-05-30 17:00:00,UTC-8,"October 10-12, 2022","Copenhagen, Denmark"
ICA3PP,International Conference on Algorithms and Architectures for Parallel Processing,DS,C,ica3pp,2023,ica3pp,http://tjutanklab.com/ica3pp2023/,,2023-05-30 23:59:00,UTC-8,"October 20-22, 2022","Tianjin, China"
FCCM,IEEE Symposium on Field-Programmable Custom Computing Machines,DS,C,fccm,2022,fccm22,https://www.fccm.org/,,2022-01-03 23:59:59,AoE,"May 15-18, 2022","New York City, USA"
FCCM,IEEE Symposium on Field-Programmable Custom Computing Machines,DS,C,fccm,2024,fccm24,https://www.fccm.org/,,2024-01-09 23:59:59,AoE,"May 5-8, 2024","Orlando, USA"
DATE,"Design, Automation & Test in Europe",DS,B,date,2023,date2023,https://www.date-conference.com/,,2022-09-18 23:59:59,UTC+1,"April 17-19, 2023","Antwerp, BE"
DATE,"Design, Automation & Test in Europe",DS,B,date,2024,date2024,https://www.date-conference.com/,2023-09-10 23:59:59,2023-09-17 23:59:59,AoE,"March 25-27, 2024","Valencia, Spain"
CLUSTER,IEEE International Conference on Cluster Computing,DS,B,cluster,2022,cluster22,https://clustercomp.org/2022,,2022-05-13 23:59:59,UTC-12,"September 6-9, 2022","Heidelberg, Germany"
CLUSTER,IEEE International Conference on Cluster Computing,DS,B,cluster,2023,cluster23,https://clustercomp.org/2023,,2023-05-11 23:59:59,AoE,"October 31-November 3, 2023","Santa Fe, New Mexico, USA"
USENIX ATC,USENIX Annual Technical Conference,DS,A,usenix,2021,atc2021,https://www.usenix.org/conference/atc21/,,2021-01-12 23:59:59,AoE,"July 14-16, 2021","SANTA CLARA, USA"
USENIX ATC,USENIX Annual Technical Conference,DS,A,usenix,2022,atc2022,https://www.usenix.org/conference/atc22/,,2022-01-13 23:59:59,UTC+0,"July 11-13, 2022","Omni La Costa Resort & Spa in Carlsbad, CA, USA"
USENIX ATC,USENIX Annual Technical Conference,DS,A,usenix,2023,atc2023,https://www.usenix.org/conference/atc23/,2023-01-05 23:59:59,2023-01-12 23:59:59,UTC+0,"July 10-12, 2023","BOSTON, MA, USA"
USENIX ATC,USENIX Annual Technical Conference,DS,A,usenix,2024,atc2024,https://www.usenix.org/conference/atc24/,2024-01-09 23:59:59,2024-01-16 23:59:59,UTC+0,"July 10-12, 2024","Santa Clara, CA, USA"
SYSTOR,The ACM International Systems and Storage Conference,DS,C,systor,2024,systor24,https://www.systor.org/2024/,,2024-03-13 23:59:59,UTC+1,"June 17-19, 2024","Tel Aviv, Israel"
VEE,Virtual Execution Environments,DS,B,vee,2022,vee2022,https://conf.researchr.org/home/vee-2022,,2021-12-03 23:59:59,AoE,"Feb 28-March 4, 2022",Virtual
IPDPS,IEEE International Parallel and Distributed Processing Symposium,DS,B,ipps,2022,ipdps22,https://www.ipdps.org/ipdps2022/,2021-10-01 23:59:59,2021-10-08 23:59:59,AoE,"May 30-June 3, 2022","Lyon, France"
IPDPS,IEEE International Parallel and Distributed Processing Symposium,DS,B,ipps,2023,ipdps23,https://www.ipdps.org/ipdps2023/,2022-09-29 23:59:59,2022-10-06 23:59:59,AoE,"May 15-19, 2023","St. Petersburg, Florida USA"
CF,ACM International Conference on Computing Frontiers,DS,C,cf,2024,cf2024,https://www.computingfrontiers.org/2024/,,2024-01-08 23:59:59,AoE,"May 7-9, 2024","Ischia, Italy"
ASP-DAC,Asia and South Pacific Design Automation Conference,DS,C,aspdac,2024,aspdac24,https://www.aspdac.com/aspdac2024/,,2023-07-28 17:00:00,AoE,"Jan 22-25, 2024","Sondo Convensia, Incheon, Korea"
IEEE/ACM CGO,The International Symposium on Code Generation and Optimization,DS,B,cgo,2024,cgo2024,https://conf.researchr.org/home/cgo-2024,,2023-05-19 23:59:59,AoE,"March 2-6, 2024","Edinburgh, United Kingdom"
DAC,Design Automation Conference,DS,A,dac,2022,dac22,https://www.dac.com/DAC-2022,,2021-11-15 17:00:00,UTC-8,"July 10-14, 2022","San Francisco, CA"
DAC,Design Automation Conference,DS,A,dac,2023,dac23,https://www.dac.com/Conference/2023-Call-for-Contributions,,2022-11-14 17:00:00,UTC-8,"July 9-13, 2023","San Francisco, CA"
DAC,Design Automation Conference,DS,A,dac,2024,dac24,https://www.dac.com/Conference/2024-Call-for-Contributions,2023-11-13 17:00:00,2023-11-20 17:00:00,UTC-8,"June 23-27, 2024","San Francisco, CA"
ISPA,IEEE International Symposium on Parallel and Distributed Processing with Applications,DS,C,ispa,2021,ispa21,http://www.cloud-conf.net/ispa2021/,,2021-07-09 23:59:59,AoE,"September 30-October 3, 2021","New York, USA"
SIGSPATIAL,ACM SIGSPATIAL International Conference on Advances in Geographic Information Systems,MX,C,sigspatial,2023,sigspatial23,http://sigspatial2023.sigspatial.org/,2023-06-09 23:59:59,2023-06-16 23:59:59,UTC-7,"November 13-16, 2023","Hamburg, Germany"
SMC,"IEEE International Conference on Systems, Man, and Cybernetics",MX,C,smc,2023,smc23,https://ieeesmc2023.org/,,2023-03-30 23:59:59,UTC-8,"October 1-4, 2023","HYATT MAUI, HAWAII, USA"
SMC,"IEEE International Conference on Systems, Man, and Cybernetics",MX,C,smc,2024,smc24,https://www.ieeesmc2024.org/,,2024-04-08 23:59:59,UTC+8,"October 7-10, 2024","Borneo Convention Centre Kuching, Sarawak, Malaysia"
ICIC,International Conference on Intelligent Computing,MX,C,icic,2024,icic24,http://www.ic-icc.cn/2024/index.htm,,2024-04-11 12:00:00,UTC+8,"August 5-8, 2024","Tianjin, China"
WINE,Conference on Web and Internet Economics,MX,A,wine,2023,wine2023,https://wine2023.shanghaitech.edu.cn/,,2023-07-07 23:59:59,AoE,"Dec 04-08, 2023","Shanghai, China"
RTSS,The IEEE Real-Time Systems Symposium,MX,A,rtss,2022,rtss22,http://2022.rtss.org/,,2022-05-26 23:59:59,AoE,"December 5-8, 2022","Houston, USA"
CogSci,Annual Meeting of the Cognitive Science Society,MX,B,cogsci,2023,cogsci23,https://cognitivesciencesociety.org/cogsci-2023/,,2023-02-01 23:59:59,UTC+8,"July 26-29, 2023","Sydney, Australia"
CogSci,Annual Meeting of the Cognitive Science Society,MX,B,cogsci,2024,cogsci24,https://cognitivesciencesociety.org/cogsci-2024/,,2024-02-01 23:59:59,UTC+8,"July 24-27, 2024","Rotterdam, Netherlands"
MICCAI,International Conference on Medical Image Computing and Computer Assisted Intervention,MX,B,miccai,2023,miccai23,https://conferences.miccai.org/2023/en/,,2023-03-09 23:59:59,UTC+0,"Oct 8-12, 2023","Vancouver, Canada"
MICCAI,International Conference on Medical Image Computing and Computer Assisted Intervention,MX,B,miccai,2024,miccai24,https://conferences.miccai.org/2024/en/,,2024-03-07 23:59:59,UTC-8,"Oct 6-10, 2024","Marrakesh, Morocco"
BIBM,IEEE International Conference on Bioinformatics and Biomedicine,MX,B,bibm,2021,bibm21,https://ieeebibm.org/BIBM2021/,,2021-08-28 17:00:00,UTC-5,"Dec 9-12, 2021",Online
BIBM,IEEE International Conference on Bioinformatics and Biomedicine,MX,B,bibm,2022,bibm22,http://ieeebibm.org/BIBM2022/,,2022-08-21 17:00:00,UTC-5,"Dec 6-9, 2022","Las Vegas, NV, USA"
BIBM,IEEE International Conference on Bioinformatics and Biomedicine,MX,B,bibm,2023,bibm23,https://bidma.cpsc.ucalgary.ca/IEEE-BIBM-2023/,,2023-08-15 17:00:00,UTC-5,"Dec 5-8, 2023","Istanbul, Turkey"
WWW,International World Wide Web Conferences,MX,A,www,2021,www21,https://www2021.thewebconf.org/,2020-10-12 23:59:59,2020-10-19 23:59:59,AoE,"April 19-23, 2021","Ljubljana, Slovenia"
WWW,International World Wide Web Conferences,MX,A,www,2022,www22,https://www2022.thewebconf.org/,2021-10-14 23:59:59,2021-10-21 23:59:59,AoE,"April 25-29, 2022","Lyon, France"
WWW,International World Wide Web Conferences,MX,A,www,2023,www23,https://www2023.thewebconf.org/,2022-10-06 23:59:59,2022-10-13 23:59:59,AoE,"May 1-5, 2023","Austin, Texas, USA"
WWW,International World Wide Web Conferences,MX,A,www,2024,www24,https://www2024.thewebconf.org/,2023-10-05 23:59:59,2023-10-12 23:59:59,AoE,"May 13-17, 2024",Singapore
